<DATE>	<OPEN>	<HIGH>	<LOW>	<CLOSE>	<TICKVOL>	<VOL>	<SPREAD>
2021.11.29	1795.46	1799.43	1781.19	1786.89	98757	0	6
2021.11.30	1786.89	1808.65	1769.90	1773.27	139372	0	6
2021.12.01	1773.28	1794.53	1772.67	1781.88	121639	0	5
2021.12.02	1781.92	1782.04	1761.91	1769.06	104022	0	5
2021.12.03	1769.05	1786.14	1766.15	1783.49	109986	0	5
2021.12.06	1782.90	1787.76	1775.68	1781.00	77946	0	5
2021.12.07	1780.97	1787.86	1772.12	1784.79	74455	0	5
2021.12.08	1784.75	1793.14	1779.65	1783.57	78983	0	5
2021.12.09	1783.54	1787.62	1773.49	1776.39	77324	0	5
2021.12.10	1776.40	1789.46	1770.14	1782.88	76663	0	5
2021.12.13	1783.32	1791.65	1781.84	1785.79	62222	0	5
2021.12.14	1785.82	1789.54	1766.48	1772.53	74190	0	5
2021.12.15	1772.55	1781.50	1753.12	1779.52	104234	0	5
2021.12.16	1779.54	1799.69	1775.57	1798.77	83351	0	5
2021.12.17	1798.81	1814.27	1795.86	1798.13	76715	0	5
2021.12.20	1800.13	1804.16	1788.36	1791.68	72789	0	5
2021.12.21	1791.69	1800.41	1784.87	1790.54	68262	0	5
2021.12.22	1790.54	1805.03	1785.92	1803.73	61677	0	5
2021.12.23	1803.73	1810.76	1798.78	1808.52	57550	0	5
2021.12.27	1807.32	1813.45	1802.97	1812.42	53664	0	5
2021.12.28	1812.43	1820.26	1805.07	1806.63	58342	0	5
2021.12.29	1806.63	1807.70	1789.38	1804.59	66452	0	5
2021.12.30	1804.60	1817.18	1796.24	1815.77	62109	0	6
2021.12.31	1815.63	1828.79	1814.77	1827.68	57664	0	5
2022.01.03	1828.47	1831.56	1798.37	1804.17	76454	0	5
2022.01.04	1804.20	1816.75	1798.52	1813.94	79004	0	5
2022.01.05	1813.95	1829.67	1808.32	1810.31	79856	0	5
2022.01.06	1810.34	1811.55	1786.40	1791.43	98881	0	6
2022.01.07	1791.45	1798.68	1782.49	1796.97	85480	0	5
2022.01.10	1795.17	1802.79	1790.35	1801.25	86326	0	0
2022.01.11	1801.22	1823.27	1801.22	1820.73	82491	0	0
2022.01.12	1820.61	1828.07	1814.72	1825.35	79963	0	0
2022.01.13	1825.27	1828.18	1812.31	1820.87	82651	0	0
2022.01.14	1820.87	1829.22	1814.69	1817.38	89458	0	0
2022.01.17	1816.48	1823.17	1813.12	1819.01	46154	0	0
2022.01.18	1819.01	1822.74	1805.79	1814.26	115855	0	5
2022.01.19	1814.29	1843.33	1810.25	1838.53	102892	0	0
2022.01.20	1838.52	1847.93	1835.97	1838.92	92087	0	0
2022.01.21	1838.94	1843.22	1828.49	1834.39	95878	0	0
2022.01.24	1834.71	1844.35	1829.67	1843.64	111198	0	0
2022.01.25	1843.66	1853.88	1834.85	1849.53	97681	0	0
2022.01.26	1849.47	1849.59	1814.98	1821.97	97899	0	0
2022.01.27	1821.99	1822.00	1791.82	1797.30	114524	0	0
2022.01.28	1797.28	1799.44	1780.31	1791.81	95568	0	0
2022.01.31	1789.59	1799.92	1785.59	1797.86	79522	0	0
2022.02.01	1797.84	1808.78	1795.76	1800.77	76809	0	0
2022.02.02	1800.79	1810.79	1794.41	1807.93	72457	0	0
2022.02.03	1807.91	1808.96	1788.70	1805.73	82930	0	0
2022.02.04	1805.73	1814.92	1792.19	1808.20	78524	0	0
2022.02.07	1810.05	1823.57	1808.74	1822.03	78921	0	0
2022.02.08	1822.01	1828.77	1815.46	1825.96	67495	0	0
2022.02.09	1825.98	1835.85	1824.69	1832.63	63132	0	0
2022.02.10	1832.64	1841.96	1821.65	1826.83	89005	0	0
2022.02.11	1826.86	1865.50	1820.98	1859.00	106639	0	0
2022.02.14	1859.61	1874.15	1850.81	1871.09	121235	0	0
2022.02.15	1871.10	1879.49	1844.56	1852.95	102141	0	0
2022.02.16	1852.97	1872.57	1850.30	1869.98	85721	0	0
2022.02.17	1870.01	1901.12	1867.85	1899.97	112916	0	0
2022.02.18	1900.01	1902.49	1886.58	1897.44	102302	0	0
2022.02.21	1904.87	1914.10	1887.66	1909.56	71901	0	0
2022.02.22	1909.53	1913.93	1891.42	1898.27	129632	0	0
2022.02.23	1898.37	1901.30	1893.39	1894.69	20450	0	0
2022.05.31	1852.01	1852.08	1852.01	1852.07	9	0	6
2022.07.25	1724.71	1736.28	1714.77	1718.99	105462	0	0
2022.07.26	1718.99	1728.22	1713.66	1717.96	93637	0	0
2022.07.27	1717.97	1740.32	1711.52	1738.80	101963	0	0
2022.07.28	1738.80	1757.11	1734.06	1754.88	123420	0	0
2022.07.29	1754.92	1767.93	1751.98	1766.02	117646	0	0
2022.08.01	1762.20	1775.23	1758.37	1772.18	110342	0	0
2022.08.02	1772.24	1788.06	1754.95	1756.72	124538	0	0
2022.08.03	1756.69	1772.80	1754.34	1763.65	91811	0	0
2022.08.04	1763.65	1794.95	1763.33	1793.40	86305	0	0
2022.08.05	1793.40	1794.89	1764.98	1775.31	112325	0	5
2022.08.08	1774.56	1790.63	1771.19	1789.22	89972	0	8
2022.08.09	1789.22	1800.45	1783.23	1794.08	84868	0	6
2022.08.10	1794.08	1807.87	1787.62	1791.69	107754	0	7
2022.08.11	1791.71	1799.31	1783.59	1788.95	103750	0	6
2022.08.12	1788.93	1802.11	1784.88	1801.80	96533	0	9
2022.08.15	1799.09	1801.76	1772.98	1778.52	104478	0	8
2022.08.16	1778.60	1783.09	1771.47	1775.57	87903	0	9
2022.08.17	1775.53	1782.34	1759.80	1764.96	115518	0	8
2022.08.18	1764.96	1772.40	1755.35	1758.40	102767	0	6
2022.08.19	1758.40	1758.58	1745.54	1747.01	102075	0	10
2022.08.22	1745.67	1749.06	1727.77	1735.25	104011	0	5
2022.08.23	1735.25	1754.11	1730.82	1746.05	107677	0	10
2022.08.24	1746.03	1755.90	1742.46	1751.03	100239	0	10
2022.08.25	1751.03	1765.50	1749.98	1756.40	101047	0	10
2022.08.26	1756.41	1758.82	1734.20	1738.35	119827	0	10
2022.08.29	1734.68	1745.52	1720.31	1739.56	109257	0	10
2022.08.30	1739.58	1740.55	1721.18	1723.32	108873	0	5
2022.08.31	1723.31	1726.52	1705.26	1708.92	122050	0	8
2022.09.01	1708.91	1708.91	1688.80	1697.28	123320	0	5
2022.09.02	1697.19	1717.98	1696.28	1711.89	112709	0	7
2022.09.05	1707.98	1715.75	1707.71	1713.89	61829	0	5
2022.09.06	1713.89	1726.77	1699.85	1703.40	121708	0	5
2022.09.07	1703.43	1719.22	1691.27	1716.59	125958	0	5
2022.09.08	1716.59	1728.20	1703.96	1710.68	133433	0	10
2022.09.09	1710.69	1729.41	1709.74	1717.57	109677	0	8
2022.09.12	1718.40	1735.13	1711.95	1725.28	108548	0	5
2022.09.13	1725.28	1731.82	1697.11	1702.11	127059	0	5
2022.09.14	1702.09	1707.11	1693.67	1697.52	125223	0	5
2022.09.15	1697.53	1697.83	1660.35	1662.36	121905	0	6
2022.09.16	1662.38	1680.34	1654.16	1675.56	115817	0	10
2022.09.19	1677.96	1678.79	1659.63	1675.77	99856	0	5
2022.09.20	1675.76	1679.46	1660.00	1666.36	102013	0	10
2022.09.21	1666.35	1688.03	1653.93	1667.01	137446	0	6
2022.09.22	1667.01	1684.91	1655.67	1672.76	157576	0	5
2022.09.23	1672.76	1675.92	1639.75	1645.09	150378	0	10
2022.09.26	1644.12	1649.76	1621.17	1627.67	178807	0	10
2022.09.27	1627.66	1642.45	1626.68	1629.93	144764	0	10
2022.09.28	1623.47	1662.69	1614.81	1656.19	155127	0	10
2022.09.29	1656.23	1665.16	1641.53	1664.59	161798	0	10
2022.09.30	1664.60	1675.36	1659.24	1660.83	144155	0	10
2022.10.03	1664.12	1702.59	1659.72	1700.99	147725	0	4
2022.10.04	1700.98	1729.49	1695.24	1725.58	144673	0	4
2022.10.05	1725.58	1727.80	1700.52	1718.43	134425	0	4
2022.10.06	1718.43	1725.57	1706.96	1711.94	130350	0	4
2022.10.07	1711.95	1714.83	1690.65	1694.63	128165	0	4
2022.10.10	1696.74	1697.28	1665.71	1670.14	122392	0	2
2022.10.11	1670.13	1683.97	1661.01	1664.11	142648	0	4
2022.10.12	1663.94	1678.38	1661.38	1674.47	135786	0	4
2022.10.13	1674.45	1682.46	1642.46	1663.46	148168	0	4
2022.10.14	1663.43	1671.77	1640.19	1644.49	153745	0	4
2022.10.17	1647.49	1668.46	1646.42	1650.69	125438	0	4
2022.10.18	1650.69	1660.93	1645.83	1652.36	129820	0	4
2022.10.19	1652.37	1653.45	1626.45	1627.13	128328	0	4
2022.10.20	1627.12	1645.64	1622.43	1626.92	139851	0	4
2022.10.21	1626.93	1657.74	1617.29	1657.03	177948	0	4
2022.10.24	1661.29	1661.91	1644.01	1651.77	156340	0	4
2022.10.25	1651.77	1662.43	1638.20	1652.79	140022	0	4
2022.10.26	1652.84	1674.93	1649.68	1667.52	145965	0	4
2022.10.27	1667.51	1670.83	1654.88	1661.90	159450	0	4
2022.10.28	1661.94	1667.04	1638.05	1645.16	148158	0	1
2022.10.31	1643.50	1645.65	1631.78	1632.45	115742	0	4
2022.11.01	1632.52	1657.04	1630.65	1646.82	141425	0	4
2022.11.02	1646.85	1669.33	1631.88	1633.74	142044	0	4
2022.11.03	1633.72	1641.00	1616.72	1629.75	146448	0	4
2022.11.04	1629.75	1681.72	1629.42	1680.61	160363	0	4
2022.11.07	1672.69	1681.90	1666.90	1674.12	140948	0	4
2022.11.08	1674.12	1716.88	1664.71	1711.48	133269	0	4
2022.11.09	1711.47	1722.37	1702.20	1706.49	137681	0	4
2022.11.10	1706.49	1757.19	1704.04	1752.23	152462	0	4
2022.11.11	1752.23	1772.45	1747.30	1769.86	142963	0	4
2022.11.14	1763.48	1775.09	1753.30	1769.50	140096	0	4
2022.11.15	1769.54	1786.57	1767.13	1780.79	209972	0	4
2022.11.16	1780.81	1785.06	1770.35	1773.92	172356	0	4
2022.11.17	1773.91	1774.88	1754.51	1760.10	148774	0	4
2022.11.18	1760.09	1767.72	1747.55	1750.14	127515	0	4
2022.11.21	1752.13	1752.95	1732.54	1738.57	142284	0	4
2022.11.22	1738.57	1749.74	1737.08	1741.15	128159	0	4
2022.11.23	1741.17	1753.39	1727.31	1752.33	140349	0	4
2022.11.24	1752.35	1758.61	1752.21	1755.36	85440	0	4
2022.11.25	1755.25	1761.24	1746.05	1756.10	102233	0	4
2022.11.28	1750.74	1763.76	1739.63	1741.27	128799	0	4
2022.11.29	1741.27	1759.05	1740.24	1748.80	149882	0	4
2022.11.30	1749.23	1773.50	1744.91	1773.41	175559	0	4
2022.12.01	1773.41	1804.52	1771.98	1802.28	185568	0	4
2022.12.02	1798.39	1803.10	1778.49	1798.56	152125	0	4
2022.12.05	1798.90	1810.01	1765.85	1769.28	154985	0	4
2022.12.06	1769.25	1780.86	1767.27	1770.99	139558	0	4
2022.12.07	1770.99	1790.52	1768.74	1787.01	149883	0	4
2022.12.08	1786.98	1794.83	1781.45	1789.24	127101	0	4
2022.12.09	1789.24	1806.14	1788.44	1796.80	129593	0	8
2022.12.12	1794.98	1795.53	1777.63	1781.94	116292	0	4
2022.12.13	1781.94	1824.52	1780.99	1809.61	165872	0	0
2022.12.14	1809.63	1814.22	1795.64	1807.65	164365	0	0
2022.12.15	1807.65	1807.87	1773.75	1776.49	171911	0	2
2022.12.16	1776.48	1794.27	1774.25	1793.01	140234	0	0
2022.12.19	1791.01	1798.73	1783.79	1787.28	124696	0	4
2022.12.20	1787.24	1821.12	1784.61	1817.21	187624	0	2
2022.12.21	1817.19	1823.84	1811.85	1814.90	130615	0	3
2022.12.22	1814.90	1820.43	1784.67	1793.49	135189	0	1
2022.12.23	1793.51	1803.22	1791.18	1795.73	100820	0	3
2022.12.26	1800.60	1804.00	1799.89	1801.77	1649	0	10
2022.12.27	1801.77	1833.63	1800.62	1812.42	105455	0	2
2022.12.28	1812.39	1814.62	1797.04	1805.77	102349	0	1
2022.12.29	1805.72	1820.24	1804.30	1815.09	99742	0	3
2022.12.30	1814.99	1826.04	1813.39	1819.17	100358	0	3
2023.01.02	1827.53	1830.07	1823.52	1829.44	2104	0	10
2023.01.03	1829.44	1849.99	1826.83	1836.51	152530	0	1
2023.01.04	1836.50	1865.12	1836.18	1854.88	158531	0	1
2023.01.05	1854.88	1859.03	1825.11	1832.74	142516	0	0
2023.01.06	1832.73	1869.87	1831.31	1866.44	133676	0	3
2023.01.09	1869.62	1881.58	1867.16	1870.51	132672	0	3
2023.01.10	1870.51	1880.77	1867.72	1877.20	130564	0	4
2023.01.11	1877.17	1886.63	1867.15	1876.92	126094	0	3
2023.01.12	1876.92	1901.62	1870.74	1898.10	119151	0	0
2023.01.13	1898.09	1921.92	1892.35	1920.37	121482	0	0
2023.01.15	1921.91	1922.04	1916.89	1916.92	2270	0	9
2023.01.16	1916.37	1919.34	1910.90	1917.95	40013	0	5
2023.01.17	1917.98	1919.08	1903.82	1908.79	104717	0	0
2023.01.18	1908.78	1925.95	1896.63	1906.89	124498	0	0
2023.01.19	1906.98	1935.20	1901.02	1931.79	115524	0	5
2023.01.20	1931.76	1937.55	1920.69	1926.18	99840	0	5
2023.01.22	1926.64	1927.76	1923.92	1927.31	2006	0	5
2023.01.23	1927.40	1935.57	1911.42	1931.36	104253	0	0
2023.01.24	1931.38	1942.53	1917.19	1937.07	94652	0	0
2023.01.25	1937.05	1948.84	1919.91	1948.40	85213	0	0
2023.01.26	1948.42	1949.21	1918.74	1930.81	103243	0	0
2023.01.27	1930.77	1935.00	1916.77	1928.41	92748	0	0
2023.01.29	1929.48	1929.65	1925.64	1928.97	1748	0	5
2023.01.30	1929.02	1934.50	1920.67	1922.16	96480	0	5
2023.01.31	1922.27	1931.11	1900.85	1927.38	106065	0	0
2023.02.01	1927.40	1956.25	1920.67	1953.12	101240	0	0
2023.02.02	1953.05	1959.78	1911.35	1915.16	126827	0	5
2023.02.03	1915.24	1918.66	1861.42	1865.19	124719	0	0
2023.02.05	1865.17	1870.04	1860.59	1865.55	3321	0	5
2023.02.06	1865.41	1881.33	1863.07	1868.62	110863	0	0
2023.02.07	1868.62	1884.43	1865.04	1872.91	114081	0	3
2023.02.08	1872.95	1886.29	1869.12	1875.02	102259	0	3
2023.02.09	1875.00	1890.23	1858.95	1862.48	111837	0	3
2023.02.10	1862.59	1872.29	1852.81	1865.57	114907	0	3
2023.02.12	1864.65	1865.43	1862.71	1862.78	2245	0	3
2023.02.13	1862.80	1866.62	1850.50	1854.45	97270	0	3
2023.02.14	1854.29	1870.63	1843.37	1854.98	105945	0	3
2023.02.15	1854.93	1860.16	1830.47	1836.45	107353	0	3
2023.02.16	1836.44	1845.31	1827.65	1834.35	109228	0	3
2023.02.17	1834.36	1843.64	1818.95	1842.68	106126	0	3
2023.02.19	1840.80	1842.09	1838.45	1838.78	1830	0	4
2023.02.20	1838.77	1847.55	1837.35	1841.74	58116	0	4
2023.02.21	1841.78	1843.86	1830.27	1835.65	99594	0	4
2023.02.22	1835.65	1846.07	1823.59	1825.20	101815	0	4
2023.02.23	1825.21	1833.80	1817.54	1823.25	99243	0	4
2023.02.24	1823.26	1827.87	1808.99	1810.88	107795	0	4
2023.02.26	1810.88	1813.17	1809.91	1811.85	1720	0	4
2023.02.27	1811.83	1820.19	1806.78	1817.30	100047	0	4
2023.02.28	1817.29	1831.19	1804.81	1825.61	97965	0	4
2023.03.01	1825.65	1844.68	1823.11	1836.64	106911	0	4
2023.03.02	1836.53	1839.03	1830.05	1838.03	69280	0	4
2023.03.06	1849.81	1854.02	1845.16	1846.40	50296	0	4
2023.03.07	1846.36	1851.68	1811.91	1814.07	102852	0	4
2023.03.08	1814.04	1824.30	1809.45	1815.32	94029	0	4
2023.03.09	1815.35	1835.64	1811.95	1831.62	94332	0	4
2023.03.10	1831.63	1870.19	1827.77	1867.15	131110	0	4
2023.03.12	1884.20	1889.44	1875.84	1877.83	6083	0	4
2023.03.13	1877.80	1914.65	1871.60	1912.12	166284	0	4
2023.03.14	1912.13	1914.17	1895.43	1903.16	134193	0	4
2023.03.15	1903.15	1937.39	1885.78	1921.25	145862	0	4
2023.03.16	1921.26	1933.56	1907.60	1921.38	133362	0	4
2023.03.17	1921.44	1989.10	1918.30	1989.00	127230	0	4
2023.03.19	1983.17	1990.66	1975.09	1977.06	6046	0	4
2023.03.20	1977.04	2009.82	1965.93	1976.66	137556	0	4
2023.03.21	1976.76	1985.21	1935.48	1943.13	103443	0	4
2023.03.22	1943.19	1978.85	1934.33	1969.73	110697	0	4
2023.03.23	1969.75	2003.38	1966.36	1991.34	128728	0	4
2023.03.24	1991.34	2002.98	1975.27	1978.52	134914	0	4
2023.03.26	1975.04	1980.11	1969.39	1975.83	4020	0	4
2023.03.27	1975.80	1978.76	1944.09	1958.17	120044	0	4
2023.03.28	1958.16	1975.32	1949.23	1971.97	112099	0	4
2023.03.29	1972.05	1972.90	1958.74	1963.30	97609	0	4
2023.03.30	1963.34	1984.36	1955.45	1978.54	104526	0	4
2023.03.31	1978.50	1987.60	1966.93	1969.32	108532	0	4
2023.04.02	1962.59	1962.68	1957.12	1957.18	2204	0	4
2023.04.03	1957.16	1990.54	1949.82	1985.01	118521	0	4
2023.04.04	1984.99	2024.98	1977.00	2021.88	115980	0	4
2023.04.05	2021.84	2032.11	2010.09	2020.35	106727	0	4
2023.04.06	2020.36	2020.99	2000.91	2007.29	98039	0	4
2023.04.09	2005.59	2006.02	2004.81	2005.53	1502	0	4
2023.04.10	2005.63	2005.91	1981.69	1992.45	85846	0	4
2023.04.11	1992.36	2007.49	1988.84	2004.78	98294	0	4
2023.04.12	2004.76	2028.38	2001.41	2018.21	114568	0	4
2023.04.13	2018.24	2048.67	2015.30	2039.78	111693	0	4
2023.04.14	2039.72	2047.48	1992.42	2004.17	119183	0	4
2023.04.16	2001.19	2005.03	2001.19	2002.97	1469	0	4
2023.04.17	2003.01	2015.07	1981.20	1994.01	105870	0	4
2023.04.18	1994.03	2011.88	1991.30	2005.81	97581	0	4
2023.04.19	2005.82	2008.22	1969.27	1993.77	120722	0	4
2023.04.20	1993.84	2012.38	1990.54	2005.32	110046	0	4
2023.04.21	2005.32	2005.57	1971.67	1983.07	102769	0	4
2023.04.23	1984.05	1985.42	1983.93	1984.71	1278	0	4
2023.04.24	1984.65	1996.66	1974.14	1995.07	102174	0	4
2023.04.25	1995.12	2003.88	1976.17	2000.25	122392	0	4
2023.04.26	2000.24	2009.38	1983.43	1991.71	127485	0	4
2023.04.27	1991.66	2003.29	1974.13	1986.96	116480	0	4
2023.04.28	1987.04	1995.01	1976.28	1989.61	121120	0	4
2023.04.30	1989.35	1989.38	1986.67	1986.93	1429	0	4
2023.05.01	1987.12	2006.03	1977.13	1981.48	100202	0	4
2023.05.02	1981.48	2019.43	1978.52	2015.99	114464	0	4
2023.05.03	2015.98	2056.74	2007.39	2052.00	115825	0	4
2023.05.04	2051.99	2059.63	2030.41	2050.01	135765	0	4
2023.05.05	2050.02	2053.04	1999.55	2016.80	112143	0	4
2023.05.07	2014.63	2017.39	2014.63	2016.12	1636	0	4
2023.05.08	2016.10	2029.39	2015.17	2021.32	91773	0	4
2023.05.09	2021.28	2037.64	2019.50	2036.39	106445	0	4
2023.05.10	2036.38	2048.21	2021.56	2031.54	119253	0	4
2023.05.11	2031.54	2041.26	2011.20	2016.40	132467	0	4
2023.05.12	2016.41	2022.59	2000.95	2010.83	117158	0	4
2023.05.14	2010.98	2011.04	2009.38	2009.64	1196	0	4
2023.05.15	2009.58	2022.20	2008.75	2014.49	90535	0	4
2023.05.16	2014.50	2018.38	1985.51	1989.71	110161	0	4
2023.05.17	1989.77	1993.10	1975.10	1982.79	105082	0	4
2023.05.18	1982.81	1986.02	1952.00	1958.45	108977	0	4
2023.05.19	1958.49	1984.24	1954.08	1977.76	112255	0	4
2023.05.21	1980.20	1981.53	1979.37	1980.91	1353	0	4
2023.05.22	1980.91	1982.62	1968.96	1969.83	101827	0	4
2023.05.23	1969.86	1977.74	1954.28	1975.09	110102	0	4
2023.05.24	1975.12	1985.24	1956.77	1959.86	114730	0	4
2023.05.25	1959.86	1964.78	1938.88	1940.60	105889	0	4
2023.05.26	1940.57	1957.30	1936.81	1946.36	105433	0	4
2023.05.28	1944.08	1944.79	1943.36	1943.76	1221	0	4
2023.05.29	1943.73	1949.75	1940.33	1941.61	50061	0	4
2023.05.30	1941.61	1963.58	1932.11	1958.62	112257	0	4
2023.05.31	1958.63	1974.78	1953.71	1966.37	108414	0	4
2023.06.01	1966.39	1983.16	1953.42	1977.09	102516	0	4
2023.06.02	1977.10	1983.48	1947.57	1948.18	103230	0	4
2023.06.04	1948.97	1950.02	1947.44	1949.43	1794	0	4
2023.06.05	1949.46	1964.06	1938.13	1961.33	106048	0	4
2023.06.06	1961.34	1966.38	1954.41	1963.45	109117	0	4
2023.06.07	1963.47	1970.23	1939.82	1944.53	95519	0	4
2023.06.08	1944.56	1970.51	1942.88	1965.42	95551	0	4
2023.06.09	1965.42	1973.11	1956.65	1960.92	84410	0	4
2023.06.11	1959.01	1960.62	1958.05	1960.03	1567	0	4
2023.06.12	1959.98	1967.03	1949.26	1960.02	100201	0	4
2023.06.13	1960.00	1971.06	1940.09	1943.93	103920	0	0
2023.06.14	1944.06	1960.33	1939.72	1945.30	105659	0	0
2023.06.15	1945.24	1960.29	1925.04	1958.31	100970	0	4
2023.06.16	1958.27	1967.93	1953.29	1957.62	89617	0	4
2023.06.18	1958.14	1958.38	1956.34	1957.17	926	0	4
2023.06.19	1957.18	1958.74	1947.85	1952.52	49365	0	4
2023.06.20	1952.59	1956.83	1929.82	1937.35	88382	0	4
2023.06.21	1937.38	1939.56	1919.28	1933.90	87207	0	4
2023.06.22	1933.94	1934.31	1912.48	1914.52	78127	0	4
2023.06.23	1914.53	1937.33	1910.18	1920.86	81099	0	4
2023.06.25	1924.78	1925.48	1923.93	1925.36	1270	0	4
2023.06.26	1925.37	1933.37	1921.08	1922.58	77367	0	4
2023.06.27	1922.54	1930.69	1911.07	1915.52	80157	0	4
2023.06.28	1915.53	1917.25	1902.89	1909.75	77913	0	4
2023.06.29	1909.76	1913.13	1893.01	1908.80	83348	0	4
2023.06.30	1908.81	1922.77	1900.59	1919.51	80481	0	4
2023.07.02	1919.34	1919.41	1917.49	1918.30	1092	0	4
2023.07.03	1918.27	1931.06	1910.13	1921.30	68676	0	4
2023.07.04	1921.31	1930.75	1920.09	1926.37	45299	0	4
2023.07.05	1926.40	1935.08	1914.86	1916.88	79040	0	4
2023.07.06	1916.92	1927.68	1902.70	1911.65	81447	0	4
2023.07.07	1911.65	1934.81	1909.68	1925.46	77611	0	4
2023.07.09	1926.12	1926.12	1923.95	1924.93	1282	0	4
2023.07.10	1924.95	1926.96	1912.68	1924.93	76035	0	4
2023.07.11	1924.94	1938.51	1924.49	1933.37	77238	0	4
2023.07.12	1933.37	1959.68	1933.28	1957.83	83520	0	4
2023.07.13	1957.89	1963.54	1952.46	1960.16	85439	0	4
2023.07.14	1960.33	1963.79	1951.04	1955.41	81208	0	4
2023.07.16	1953.18	1953.48	1951.48	1953.41	1485	0	4
2023.07.17	1953.41	1959.87	1945.81	1955.50	71281	0	4
2023.07.18	1955.53	1984.40	1954.74	1977.55	86863	0	4
2023.07.19	1977.58	1981.01	1969.81	1977.83	79462	0	4
2023.07.20	1977.80	1987.52	1965.40	1972.25	81718	0	4
2023.07.21	1972.27	1973.84	1956.88	1961.87	74288	0	4
2023.07.23	1962.06	1962.32	1960.43	1961.23	1033	0	4
2023.07.24	1961.23	1967.91	1953.27	1954.47	72904	0	4
2023.07.25	1954.48	1965.97	1951.90	1965.37	70009	0	4
2023.07.26	1965.37	1978.38	1962.08	1972.09	78095	0	4
2023.07.27	1972.14	1982.19	1942.65	1947.51	85926	0	4
2023.07.28	1947.52	1963.55	1946.12	1959.27	86695	0	4
2023.07.30	1960.14	1960.24	1957.48	1958.11	1509	0	4
2023.07.31	1958.05	1972.44	1951.13	1963.94	67970	0	4
2023.08.01	1963.97	1964.74	1941.29	1952.21	73780	0	4
2023.08.02	1952.19	1954.83	1932.97	1936.11	73832	0	0
2023.08.03	1936.13	1938.99	1929.58	1935.86	75211	0	4
2023.08.04	1935.85	1946.87	1925.50	1942.81	70108	0	4
2023.08.06	1943.75	1944.00	1942.76	1943.91	1097	0	4
2023.08.07	1943.95	1945.37	1931.51	1936.83	58976	0	4
2023.08.08	1936.87	1937.38	1922.75	1925.58	67622	0	4
2023.08.09	1925.63	1932.36	1914.10	1916.75	61389	0	4
2023.08.10	1916.75	1930.09	1910.93	1912.44	70459	0	4
2023.08.11	1912.44	1920.92	1911.93	1913.67	59548	0	4
2023.08.13	1913.73	1914.42	1912.45	1913.70	1012	0	4
2023.08.14	1913.70	1916.22	1902.71	1907.65	63269	0	0
2023.08.15	1907.61	1911.63	1896.39	1901.50	64821	0	0
2023.08.16	1901.51	1907.20	1891.86	1893.38	69445	0	4
2023.08.17	1893.39	1903.48	1885.06	1891.32	73996	0	4
2023.08.18	1891.31	1896.86	1886.78	1889.34	61446	0	4
2023.08.20	1890.38	1890.38	1888.88	1890.05	1282	0	4
2023.08.21	1890.05	1898.78	1884.84	1894.77	68184	0	4
2023.08.22	1894.74	1904.44	1889.20	1898.59	63355	0	4
2023.08.23	1898.68	1920.38	1898.52	1917.94	70013	0	4
2023.08.24	1917.95	1923.38	1911.84	1915.95	66543	0	4
2023.08.25	1915.94	1922.43	1903.84	1914.58	65855	0	5
2023.08.27	1915.00	1916.12	1914.35	1915.10	1344	0	5
2023.08.28	1915.09	1926.11	1912.83	1921.29	57759	0	4
2023.08.29	1921.28	1938.20	1914.50	1936.27	65850	0	4
2023.08.30	1936.27	1949.07	1935.00	1944.29	67680	0	4
2023.08.31	1944.35	1947.91	1939.08	1939.94	61887	0	4
2023.09.01	1939.95	1952.94	1934.57	1940.22	65628	0	5
2023.09.03	1939.60	1941.10	1939.56	1940.61	737	0	5
2023.09.04	1940.62	1946.36	1935.72	1937.64	37474	0	4
2023.09.05	1937.63	1938.99	1925.39	1926.63	67617	0	4
2023.09.06	1926.65	1929.20	1915.32	1917.15	65136	0	4
2023.09.07	1917.16	1923.62	1916.23	1920.30	58761	0	4
2023.09.08	1920.27	1929.71	1917.38	1919.04	58177	0	4
2023.09.10	1918.26	1919.73	1916.72	1918.92	1551	0	5
2023.09.11	1918.92	1930.74	1918.41	1922.55	63889	0	4
2023.09.12	1922.54	1924.55	1907.64	1913.53	63127	0	4
2023.09.13	1913.52	1915.76	1905.57	1908.90	68557	0	4
2023.09.14	1908.91	1912.93	1901.03	1910.41	74926	0	4
2023.09.15	1910.40	1930.43	1909.86	1923.69	73584	0	4
2023.09.17	1923.80	1924.57	1923.40	1923.72	871	0	5
2023.09.18	1923.73	1934.23	1922.58	1933.72	62044	0	4
2023.09.19	1933.72	1937.40	1929.81	1931.91	51748	0	4
2023.09.20	1931.90	1947.43	1928.00	1931.20	64483	0	4
2023.09.21	1931.19	1931.19	1913.96	1920.20	66034	0	4
2023.09.22	1920.19	1929.14	1920.15	1925.38	54249	0	4
2023.09.24	1924.63	1926.48	1924.63	1925.79	740	0	4
2023.09.25	1925.77	1927.20	1915.20	1916.55	50755	0	4
2023.09.26	1916.61	1916.72	1899.17	1900.94	55339	0	4
2023.09.27	1900.94	1903.95	1872.56	1877.03	65614	0	4
2023.09.28	1877.03	1879.63	1857.70	1864.41	71478	0	4
2023.09.29	1864.39	1879.87	1846.36	1848.53	71286	0	4
2023.10.01	1847.48	1850.68	1844.62	1846.49	1569	0	5
2023.10.02	1846.57	1848.96	1827.19	1828.22	72378	0	4
2023.10.03	1828.20	1833.35	1815.30	1822.69	84660	0	4
2023.10.04	1822.70	1830.59	1816.65	1822.37	86785	0	4
2023.10.05	1822.39	1829.21	1813.10	1821.22	74267	0	4
2023.10.06	1821.23	1834.90	1810.46	1832.52	77698	0	4
2023.10.08	1853.42	1854.52	1845.52	1849.87	3565	0	5
2023.10.09	1849.87	1863.54	1844.23	1861.53	69066	0	4
2023.10.10	1861.52	1865.42	1853.03	1859.87	73445	0	4
2023.10.11	1859.84	1877.21	1858.65	1874.71	67475	0	4
2023.10.12	1874.72	1884.95	1867.94	1869.79	64371	0	4
2023.10.13	1869.77	1932.90	1869.77	1932.79	73969	0	4
2023.10.15	1927.73	1927.73	1921.25	1924.42	1635	0	5
2023.10.16	1924.49	1926.36	1908.26	1918.89	61139	0	4
2023.10.17	1918.90	1931.61	1913.34	1924.91	56941	0	4
2023.10.18	1924.95	1962.61	1923.80	1949.80	68516	0	4
2023.10.19	1949.89	1977.75	1945.27	1972.58	71497	0	4
2023.10.20	1972.57	1997.20	1972.03	1981.54	68003	0	4
2023.10.22	1973.08	1978.62	1972.81	1976.35	1374	0	5
2023.10.23	1976.70	1982.85	1964.41	1973.08	64938	0	4
2023.10.24	1973.10	1980.85	1953.67	1970.59	63377	0	4
2023.10.25	1970.58	1987.26	1963.13	1982.16	59506	0	4
2023.10.26	1982.17	1993.50	1971.78	1985.36	65563	0	4
2023.10.27	1985.52	2009.40	1976.91	2006.24	64176	0	4
2023.10.29	2001.45	2003.69	2000.62	2002.81	1291	0	5
2023.10.30	2002.57	2006.82	1990.95	1995.61	63515	0	4
2023.10.31	1995.60	2007.91	1978.88	1983.69	66303	0	4
2023.11.01	1983.69	1992.01	1969.90	1985.10	65706	0	4
2023.11.02	1985.10	1991.05	1978.87	1985.02	59964	0	4
2023.11.03	1985.01	2004.09	1983.30	1992.61	59513	0	5
2023.11.05	1991.55	1991.58	1987.19	1988.53	1666	0	5
2023.11.06	1988.51	1993.17	1975.87	1976.80	61167	0	4
2023.11.07	1976.95	1977.09	1956.73	1969.01	61939	0	4
2023.11.08	1969.00	1971.05	1947.48	1950.89	61762	0	4
2023.11.09	1950.89	1965.60	1944.82	1959.16	64997	0	4
2023.11.10	1959.10	1960.83	1933.20	1938.23	60958	0	5
2023.11.13	1936.93	1949.24	1931.74	1946.54	48449	0	4
2023.11.14	1946.55	1970.92	1943.82	1962.52	54250	0	4
2023.11.15	1962.56	1975.24	1955.49	1960.44	60392	0	4
2023.11.16	1960.42	1987.95	1956.53	1982.68	55517	0	4
2023.11.17	1982.60	1993.43	1978.66	1980.76	54559	0	5
2023.11.19	1977.68	1978.80	1974.28	1974.58	1283	0	5
2023.11.20	1974.66	1985.22	1965.51	1981.32	64529	0	4
2023.11.21	1981.30	2007.52	1980.83	1999.39	60924	0	4
2023.11.22	1999.37	2006.30	1986.96	1990.55	61604	0	4
2023.11.23	1990.50	1998.56	1989.89	1994.16	33986	0	4
2023.11.24	1994.15	2003.62	1991.51	2002.38	43439	0	5
2023.11.27	2011.63	2016.29	2005.83	2015.32	47151	0	4
2023.11.28	2015.34	2044.57	2011.75	2044.46	64376	0	4
2023.11.29	2044.52	2052.01	2035.49	2044.71	69525	0	4
2023.11.30	2044.70	2047.26	2031.70	2040.14	63111	0	4
2023.12.01	2040.13	2075.40	2033.93	2072.05	66265	0	5
2023.12.03	2074.37	2144.85	2071.90	2117.39	3489	0	5
2023.12.04	2118.80	2120.15	2020.19	2034.07	81560	0	4
2023.12.05	2034.04	2041.23	2009.97	2018.99	72537	0	4
2023.12.06	2018.99	2035.88	2018.80	2027.17	63551	0	4
2023.12.07	2027.14	2039.96	2020.26	2028.12	65561	0	4
2023.12.08	2028.13	2034.03	1994.77	2004.53	68552	0	5
2023.12.10	2005.76	2007.70	2004.63	2007.10	1597	0	5
2023.12.11	2007.09	2007.82	1975.92	1983.03	65588	0	4
2023.12.12	1983.02	1996.67	1977.23	1982.50	63129	0	4
2023.12.13	1982.50	2033.16	1973.12	2032.90	65912	0	4
2023.12.14	2033.00	2047.94	2027.64	2035.58	93381	0	4
2023.12.15	2035.60	2044.94	2015.65	2019.65	74200	0	5
2023.12.17	2019.70	2020.11	2016.05	2017.46	1448	0	5
2023.12.18	2017.66	2033.71	2016.13	2027.66	59470	0	4
2023.12.19	2027.72	2047.00	2021.72	2040.92	60858	0	4
2023.12.20	2040.99	2043.48	2027.50	2032.23	64009	0	4
2023.12.21	2032.23	2055.02	2032.02	2052.87	68562	0	4
2023.12.22	2052.88	2070.67	2046.86	2053.06	76786	0	5
2023.12.25	2057.57	2057.77	2054.05	2054.98	1027	0	4
2023.12.26	2054.97	2069.11	2053.56	2066.23	42440	0	4
2023.12.27	2066.25	2084.48	2061.55	2079.59	59266	0	4
2023.12.28	2079.63	2088.50	2064.70	2066.77	77039	0	4
2023.12.29	2066.86	2074.82	2058.28	2062.84	77700	0	5
2024.01.01	2065.41	2066.54	2063.25	2063.76	1473	0	5
2024.01.02	2063.80	2078.91	2056.04	2059.66	78663	0	4
2024.01.03	2059.65	2066.02	2030.68	2043.02	77231	0	5
2024.01.04	2043.01	2050.98	2036.28	2044.31	95925	0	5
2024.01.05	2044.32	2064.00	2024.53	2045.61	93811	0	5
2024.01.07	2044.67	2045.67	2043.03	2044.38	1690	0	5
2024.01.08	2044.40	2046.65	2016.82	2030.77	96357	0	0
2024.01.09	2030.75	2041.98	2026.12	2030.85	120205	0	0
2024.01.10	2030.79	2040.19	2020.49	2026.78	115047	0	0
2024.01.11	2026.81	2039.69	2013.35	2035.34	119966	0	0
2024.01.12	2035.30	2062.24	2030.14	2049.08	75314	0	5
2024.01.14	2047.96	2048.71	2046.39	2047.65	1404	0	5
2024.01.15	2047.80	2058.64	2045.88	2054.06	48307	0	4
2024.01.16	2054.10	2054.57	2024.31	2028.16	88116	0	0
2024.01.17	2028.18	2033.00	2001.87	2009.61	120301	0	0
2024.01.18	2009.60	2024.47	2005.83	2023.81	72021	0	4
2024.01.19	2023.78	2039.32	2020.44	2029.64	82756	0	0
2024.01.21	2028.82	2028.82	2027.01	2027.60	1226	0	6
2024.01.22	2027.63	2032.18	2016.63	2020.78	88597	0	0
2024.01.23	2020.81	2037.88	2019.64	2029.39	96851	0	0
2024.01.24	2029.37	2036.71	2011.27	2016.39	103313	0	0
2024.01.25	2016.42	2025.19	2010.07	2020.68	110188	0	0
2024.01.26	2020.76	2026.82	2015.97	2018.48	95507	0	0
2024.01.28	2023.91	2028.66	2021.34	2021.91	4063	0	0
2024.01.29	2021.96	2037.64	2019.35	2031.14	103440	0	0
2024.01.30	2031.11	2048.62	2029.11	2036.49	99498	0	6
2024.01.31	2036.47	2056.00	2031.00	2039.97	134112	0	6
2024.02.01	2039.99	2065.43	2030.12	2054.90	140072	0	6
2024.02.02	2054.89	2057.66	2027.90	2039.67	111444	0	6
2024.02.04	2041.84	2042.28	2039.22	2039.29	2727	0	6
2024.02.05	2039.30	2039.88	2014.92	2025.14	123530	0	6
2024.02.06	2025.13	2038.91	2022.96	2035.29	103674	0	6
2024.02.07	2035.27	2044.58	2030.63	2036.52	99187	0	6
2024.02.08	2036.51	2038.71	2020.21	2034.31	107928	0	6
2024.02.09	2034.23	2037.11	2020.34	2024.59	93518	0	6
2024.02.11	2026.33	2026.79	2024.45	2025.46	1504	0	6
2024.02.12	2025.49	2027.52	2011.92	2018.95	86756	0	6
2024.02.13	2018.94	2032.42	1990.19	1991.51	99952	0	6
2024.02.14	1991.48	1996.15	1984.30	1993.77	105370	0	6
2024.02.15	1993.80	2008.29	1990.27	2003.49	100162	0	6
2024.02.16	2003.57	2015.19	1995.15	2013.24	96405	0	6
2024.02.18	2011.87	2016.36	2011.17	2014.01	1962	0	6
2024.02.19	2013.96	2023.04	2013.31	2016.24	62302	0	6
2024.02.20	2016.26	2030.89	2015.06	2024.28	91738	0	6
2024.02.21	2024.30	2032.29	2020.10	2025.76	102658	0	6
2024.02.22	2025.72	2034.90	2019.68	2024.79	103075	0	6
2024.02.23	2024.81	2041.38	2016.08	2035.54	95754	0	6
2024.02.25	2033.26	2035.01	2033.26	2034.06	1345	0	6
2024.02.26	2034.05	2037.06	2025.13	2031.31	88283	0	6
2024.02.27	2031.30	2039.49	2028.81	2030.11	83194	0	6
2024.02.28	2030.14	2037.88	2024.56	2034.70	87469	0	6
2024.02.29	2034.74	2050.76	2028.14	2044.35	96247	0	6
2024.03.01	2044.31	2088.34	2039.08	2082.95	113182	0	6
2024.03.03	2082.82	2086.25	2082.72	2083.60	2889	0	6
2024.03.04	2083.61	2119.93	2079.48	2114.64	109377	0	6
2024.03.05	2114.63	2141.77	2110.51	2128.09	129366	0	6
2024.03.06	2128.11	2152.24	2123.77	2147.40	129557	0	6
2024.03.07	2147.39	2164.77	2144.25	2162.00	127776	0	6
2024.03.08	2161.99	2195.17	2154.05	2179.14	129327	0	6
2024.03.10	2178.24	2183.90	2178.24	2181.67	3118	0	6
2024.03.11	2181.72	2189.02	2174.91	2183.68	110566	0	6
2024.03.12	2183.69	2184.55	2150.65	2157.02	122457	0	6
2024.03.13	2157.03	2179.87	2156.68	2175.51	107977	0	6
2024.03.14	2175.49	2177.00	2152.85	2161.65	107705	0	6
2024.03.15	2161.64	2172.75	2155.23	2155.76	101596	0	6
2024.03.17	2153.18	2156.94	2153.18	2156.60	4309	0	6
2024.03.18	2156.58	2163.63	2146.14	2162.16	101435	0	6
2024.03.19	2162.19	2162.89	2147.18	2157.09	103468	0	6
2024.03.20	2157.11	2222.90	2149.63	2204.00	117476	0	6
2024.03.21	2204.01	2212.47	2166.45	2181.83	143957	0	6
2024.03.22	2181.80	2186.10	2157.19	2165.15	121240	0	6
2024.03.24	2166.42	2168.95	2165.25	2168.41	4505	0	6
2024.03.25	2168.44	2181.34	2163.60	2172.99	109862	0	6
2024.03.26	2172.98	2200.13	2167.65	2179.52	118572	0	6
2024.03.27	2179.53	2197.64	2173.48	2190.75	106268	0	6
2024.03.28	2190.79	2236.26	2187.41	2232.86	129774	0	6
2024.03.31	2240.22	2247.41	2235.73	2246.10	9676	0	6
2024.04.01	2246.23	2265.75	2228.54	2249.05	124259	0	6
2024.04.02	2249.03	2283.64	2246.75	2280.01	146085	0	6
2024.04.03	2279.87	2301.61	2265.45	2297.58	149256	0	6
2024.04.04	2297.60	2305.62	2280.09	2288.79	134717	0	6
2024.04.05	2288.88	2330.44	2267.83	2329.70	148916	0	6
2024.04.07	2310.92	2314.42	2309.42	2311.29	4617	0	6
2024.04.08	2311.35	2354.02	2302.98	2338.85	167931	0	6
2024.04.09	2338.84	2365.37	2337.90	2354.97	159381	0	6
2024.04.10	2354.87	2360.09	2319.43	2335.59	161344	0	6
2024.04.11	2335.66	2377.71	2325.84	2376.91	165831	0	6
2024.04.12	2377.06	2431.52	2333.88	2344.17	192588	0	6
2024.04.14	2358.78	2365.51	2356.82	2364.75	4354	0	6
2024.04.15	2364.77	2387.60	2324.47	2381.98	182709	0	6
2024.04.16	2381.99	2398.30	2363.05	2382.75	177193	0	6
2024.04.17	2382.82	2395.61	2354.54	2367.96	162467	0	6
2024.04.18	2367.97	2392.80	2364.13	2379.93	147121	0	6
2024.04.19	2379.83	2417.86	2372.95	2392.24	175369	0	6
2024.04.21	2385.61	2387.87	2385.19	2386.57	2958	0	6
2024.04.22	2386.48	2386.48	2324.85	2333.86	144731	0	6
2024.04.23	2333.77	2334.47	2291.53	2323.35	154165	0	6
2024.04.24	2323.34	2337.29	2311.82	2316.30	128150	0	6
2024.04.25	2316.35	2344.87	2305.21	2330.68	125759	0	6
2024.04.26	2330.67	2352.55	2326.38	2338.03	116916	0	6
2024.04.28	2335.28	2336.88	2334.80	2336.00	1549	0	6
2024.04.29	2335.89	2346.74	2320.04	2333.18	132761	0	6
2024.04.30	2333.21	2336.20	2285.20	2291.40	132400	0	6
2024.05.01	2291.36	2328.34	2281.66	2323.82	127717	0	6
2024.05.02	2323.89	2326.45	2285.53	2304.29	126430	0	6
2024.05.03	2304.28	2320.43	2277.32	2301.55	114758	0	6
2024.05.05	2301.75	2302.87	2293.39	2293.97	3406	0	6
2024.05.06	2293.98	2332.06	2291.90	2326.07	123529	0	6
2024.05.07	2326.08	2329.95	2310.06	2315.20	114168	0	6
2024.05.08	2315.27	2321.49	2303.73	2308.87	115587	0	6
2024.05.09	2308.93	2348.40	2306.75	2346.61	121864	0	6
2024.05.10	2346.62	2378.41	2346.05	2360.45	136594	0	6
2024.05.12	2361.75	2362.56	2359.80	2360.44	1678	0	6
2024.05.13	2360.46	2364.52	2332.27	2338.46	131345	0	6
2024.05.14	2338.44	2359.65	2334.87	2355.86	127942	0	6
2024.05.15	2355.87	2391.92	2351.93	2391.87	147918	0	6
2024.05.16	2391.89	2397.41	2371.00	2377.91	145640	0	6
2024.05.17	2377.90	2422.75	2374.02	2414.73	136882	0	6
2024.05.19	2418.30	2420.66	2417.27	2420.35	3499	0	6
2024.05.20	2420.34	2450.08	2407.43	2426.28	170641	0	6
2024.05.21	2426.29	2433.98	2406.45	2421.80	158170	0	6
2024.05.22	2421.80	2426.56	2375.00	2382.31	161855	0	6
2024.05.23	2382.34	2383.73	2327.12	2332.04	170387	0	6
2024.05.24	2332.07	2347.44	2325.44	2333.87	126839	0	6
2024.05.26	2339.08	2340.70	2336.64	2337.25	2157	0	6
2024.05.27	2337.25	2358.49	2334.52	2352.51	91731	0	6
2024.05.28	2352.53	2364.07	2340.32	2359.95	138929	0	6
2024.05.29	2359.95	2361.35	2334.62	2338.44	135027	0	6
2024.05.30	2338.44	2351.80	2322.63	2344.07	151457	0	6
2024.05.31	2344.05	2359.76	2320.63	2327.25	150878	0	6
2024.06.02	2326.13	2326.67	2324.09	2325.94	2199	0	6
2024.06.03	2325.97	2354.75	2314.78	2350.62	145928	0	5
2024.06.04	2350.64	2352.85	2315.70	2328.87	146935	0	5
2024.06.05	2328.87	2357.59	2325.94	2355.07	130731	0	5
2024.06.06	2355.07	2378.53	2353.57	2376.92	141346	0	5
2024.06.07	2376.91	2387.73	2286.83	2293.82	162509	0	5
2024.06.09	2297.10	2300.11	2296.58	2298.57	2685	0	5
2024.06.10	2298.63	2313.79	2287.79	2310.00	110693	0	5
2024.06.11	2309.97	2319.93	2297.81	2315.20	125743	0	5
2024.06.12	2315.20	2341.67	2310.77	2320.63	138121	0	5
2024.06.13	2320.63	2326.68	2295.63	2302.36	133097	0	5
2024.06.14	2302.36	2336.65	2301.58	2332.66	134160	0	5
2024.06.16	2328.83	2329.73	2327.45	2329.00	2068	0	5
2024.06.17	2328.95	2329.00	2310.07	2320.78	115238	0	5
2024.06.18	2320.78	2333.15	2306.64	2328.35	116093	0	5
2024.06.19	2328.38	2335.03	2323.88	2329.43	66626	0	5
2024.06.20	2329.43	2365.49	2327.79	2360.89	116979	0	5
2024.06.21	2360.91	2368.75	2316.79	2321.69	119820	0	5
2024.06.23	2321.33	2321.38	2317.76	2319.25	2126	0	5
2024.06.24	2319.25	2334.70	2318.02	2330.89	105598	0	5
2024.06.25	2330.97	2337.09	2315.55	2320.07	106554	0	5
2024.06.26	2320.07	2324.07	2293.69	2298.43	117848	0	5
2024.06.27	2298.43	2330.96	2296.57	2327.76	103208	0	5
2024.06.28	2327.76	2339.82	2319.15	2326.52	110506	0	5
2024.06.30	2323.38	2326.03	2323.02	2324.61	1172	0	5
2024.07.01	2324.61	2338.56	2318.57	2331.87	111208	0	3
2024.07.02	2331.89	2336.82	2319.15	2330.11	102991	0	1
2024.07.03	2330.09	2364.99	2326.91	2358.90	109407	0	1
2024.07.04	2358.90	2362.52	2350.61	2357.50	64215	0	0
2024.07.05	2357.50	2392.96	2352.65	2391.36	115658	0	2
2024.07.07	2389.60	2390.25	2385.02	2385.42	1784	0	4
2024.07.08	2385.40	2391.16	2351.18	2359.86	115857	0	0
2024.07.09	2359.86	2371.55	2349.52	2364.48	111098	0	1
2024.07.10	2364.47	2386.73	2363.36	2372.86	97663	0	2
2024.07.11	2372.86	2424.61	2371.53	2414.13	119845	0	0
2024.07.12	2414.07	2418.33	2391.52	2411.11	114968	0	2
2024.07.14	2411.27	2412.24	2406.98	2407.65	3151	0	1
2024.07.15	2407.65	2439.66	2401.40	2421.05	122684	0	1
2024.07.16	2421.05	2470.01	2420.08	2469.08	130315	0	1
2024.07.17	2469.08	2483.72	2451.56	2459.28	159755	0	0
2024.07.18	2459.31	2474.98	2440.40	2444.45	135064	0	1
2024.07.19	2444.45	2445.24	2393.88	2400.69	145267	0	0
2024.07.21	2403.75	2411.73	2402.57	2411.42	2539	0	0
2024.07.22	2411.38	2412.19	2383.89	2395.24	126740	0	0
2024.07.23	2395.24	2412.06	2388.33	2409.45	124325	0	1
2024.07.24	2409.42	2432.03	2393.12	2397.91	139172	0	0
2024.07.25	2397.91	2401.26	2353.22	2363.36	177338	0	0
2024.07.26	2363.35	2390.82	2355.89	2387.10	137462	0	0
2024.07.28	2387.99	2403.22	2387.94	2395.84	4456	0	2
2024.07.29	2395.84	2402.56	2369.76	2384.12	142928	0	0
2024.07.30	2384.12	2412.75	2376.59	2409.26	136769	0	0
2024.07.31	2409.26	2450.95	2403.70	2447.66	160232	0	0
2024.08.01	2447.66	2462.33	2430.29	2445.23	178127	0	1
2024.08.02	2445.23	2477.54	2411.07	2441.84	183323	0	0
2024.08.04	2440.18	2446.37	2437.68	2441.46	4496	0	2
2024.08.05	2441.49	2458.83	2364.37	2409.01	240105	0	0
2024.08.06	2409.03	2418.41	2381.84	2388.69	190391	0	1
2024.08.07	2388.68	2407.08	2379.11	2383.78	163510	0	0
2024.08.08	2383.80	2427.60	2382.88	2425.88	165797	0	0
2024.08.09	2425.87	2437.08	2416.95	2430.87	133544	0	0
2024.08.11	2428.37	2433.53	2427.40	2430.55	2748	0	0
2024.08.12	2430.56	2474.09	2423.92	2473.81	125100	0	0
2024.08.13	2473.81	2476.96	2458.52	2465.59	138366	0	0
2024.08.14	2465.59	2479.80	2438.15	2447.97	148915	0	0
2024.08.15	2447.96	2470.11	2432.24	2454.91	138228	0	0
2024.08.16	2454.94	2509.75	2450.83	2507.73	141640	0	0
2024.08.18	2505.92	2506.18	2502.21	2504.94	3551	0	4
2024.08.19	2504.96	2507.55	2485.72	2504.35	115173	0	4
2024.08.20	2504.38	2531.69	2497.38	2514.81	114077	0	4
2024.08.21	2514.82	2519.98	2494.10	2514.04	111088	0	4
2024.08.22	2514.05	2514.70	2470.85	2485.20	116586	0	4
2024.08.23	2485.20	2518.37	2485.02	2512.49	113075	0	4
2024.08.25	2512.08	2514.63	2511.13	2513.08	1816	0	4
2024.08.26	2513.10	2526.86	2508.80	2517.36	113542	0	4
2024.08.27	2517.39	2526.04	2503.60	2525.67	110823	0	4
2024.08.28	2525.68	2529.06	2493.73	2507.30	109440	0	4
2024.08.29	2507.23	2528.70	2503.69	2520.98	109619	0	4
2024.08.30	2521.00	2526.86	2494.29	2503.23	132042	0	4
2024.09.01	2502.76	2504.89	2502.60	2503.51	1295	0	4
2024.09.02	2503.52	2507.33	2490.16	2497.81	85668	0	4
2024.09.03	2497.81	2506.34	2473.60	2493.14	143661	0	4
2024.09.04	2493.15	2500.28	2471.96	2495.43	131417	0	4
2024.09.05	2495.44	2523.50	2493.89	2516.24	128477	0	4
2024.09.06	2516.23	2529.18	2485.21	2497.37	143129	0	4
2024.09.08	2497.06	2498.04	2496.22	2497.93	1499	0	4
2024.09.09	2497.98	2507.24	2485.60	2507.11	129947	0	4
2024.09.10	2507.02	2518.47	2500.21	2516.54	119998	0	4
2024.09.11	2516.57	2529.10	2488.00	2512.94	145283	0	4
2024.09.12	2512.93	2560.09	2511.09	2557.48	202689	0	4
2024.09.13	2557.51	2586.09	2556.72	2578.88	209140	0	4
2024.09.15	2578.22	2580.49	2577.71	2580.12	2924	0	4
2024.09.16	2580.15	2589.69	2575.34	2582.96	157331	0	4
2024.09.17	2583.03	2586.97	2560.84	2570.80	184927	0	4
2024.09.18	2570.78	2600.19	2547.02	2559.36	224600	0	3
2024.09.19	2559.35	2594.92	2551.29	2587.80	245342	0	4
2024.09.20	2587.72	2625.80	2584.87	2622.17	218835	0	4
2024.09.22	2621.06	2622.07	2619.78	2620.48	1510	0	4
2024.09.23	2620.48	2634.89	2613.91	2627.58	187706	0	4
2024.09.24	2627.55	2664.40	2622.72	2659.23	205825	0	4
2024.09.25	2659.19	2670.62	2649.82	2658.36	144586	0	4
2024.09.26	2658.31	2685.63	2654.88	2672.41	201283	0	4
2024.09.27	2672.46	2674.31	2643.15	2658.29	245092	0	4
2024.09.29	2662.10	2663.57	2659.89	2662.81	4769	0	4
2024.09.30	2662.78	2665.99	2624.72	2635.04	241894	0	4
2024.10.01	2635.07	2673.12	2634.00	2662.14	205315	0	4
2024.10.02	2662.15	2663.28	2641.18	2659.53	185479	0	4
2024.10.03	2659.54	2662.93	2639.66	2656.10	196743	0	4
2024.10.04	2656.09	2670.21	2632.04	2653.70	197243	0	4
2024.10.06	2651.26	2652.26	2650.06	2650.87	2733	0	4
2024.10.07	2650.88	2659.72	2637.80	2644.26	176716	0	4
2024.10.08	2644.27	2653.03	2604.81	2622.02	215975	0	4
2024.10.09	2622.05	2624.37	2605.22	2608.92	159636	0	4
2024.10.10	2608.88	2631.51	2603.36	2628.30	175155	0	4
2024.10.11	2628.32	2661.45	2628.32	2657.00	157614	0	4
2024.10.13	2651.03	2652.55	2646.95	2650.35	3646	0	4
2024.10.14	2650.36	2666.82	2643.23	2650.07	141958	0	4
2024.10.15	2650.09	2668.93	2638.19	2662.21	170830	0	4
2024.10.16	2662.22	2685.37	2658.76	2673.81	162718	0	4
2024.10.17	2673.80	2696.77	2673.21	2692.67	176445	0	4
2024.10.18	2692.72	2722.58	2692.38	2721.68	178327	0	4
2024.10.20	2723.13	2723.89	2720.44	2723.68	2530	0	4
2024.10.21	2723.65	2740.59	2714.23	2720.77	190376	0	4
2024.10.22	2720.78	2748.90	2720.48	2747.39	170945	0	4
2024.10.23	2747.40	2758.49	2708.75	2718.06	185798	0	4
2024.10.24	2718.07	2743.30	2717.91	2734.68	170465	0	4
2024.10.25	2734.69	2747.74	2717.08	2747.03	154429	0	4
2024.10.27	2736.69	2740.27	2734.81	2735.85	4348	0	4
2024.10.28	2735.86	2745.99	2724.76	2744.51	147900	0	4
2024.10.29	2744.50	2775.21	2743.34	2775.07	166211	0	4
2024.10.30	2775.10	2790.03	2770.93	2785.49	165500	0	4
2024.10.31	2785.50	2790.12	2731.58	2746.78	171058	0	4
2024.11.01	2746.82	2762.27	2733.26	2736.63	171583	0	4
2024.11.03	2733.02	2740.40	2732.62	2738.43	4172	0	4
2024.11.04	2738.42	2748.22	2731.83	2736.07	156940	0	4
2024.11.05	2736.08	2750.00	2724.75	2745.70	156701	0	4
2024.11.06	2745.68	2749.75	2652.51	2664.09	270808	0	4
2024.11.07	2664.07	2710.21	2643.41	2706.93	208215	0	4
2024.11.08	2706.92	2710.41	2680.36	2684.75	277332	0	4
2024.11.10	2682.61	2685.76	2681.61	2685.67	4583	0	4
2024.11.11	2685.66	2686.17	2610.69	2624.01	261594	0	4
2024.11.12	2624.02	2627.17	2589.69	2598.97	279238	0	4
2024.11.13	2598.98	2618.75	2569.40	2570.94	266147	0	4
2024.11.14	2570.93	2577.51	2536.86	2566.98	298407	0	4
2024.11.15	2566.97	2575.98	2554.47	2561.75	254118	0	4
2024.11.17	2568.37	2575.55	2568.37	2571.46	6585	0	4
2024.11.18	2571.41	2615.11	2569.89	2612.64	250692	0	4
2024.11.19	2612.66	2639.48	2611.13	2635.19	269525	0	4
2024.11.20	2635.17	2655.45	2618.89	2652.21	229771	0	4
2024.11.21	2652.24	2673.54	2650.46	2669.19	235676	0	4
2024.11.22	2669.20	2715.33	2668.89	2714.60	264226	0	3
2024.11.24	2712.34	2721.40	2710.71	2719.88	9007	0	4
2024.11.25	2719.87	2720.21	2605.27	2610.48	362993	0	4
2024.11.26	2610.51	2641.96	2608.69	2632.30	294869	0	4
2024.11.27	2632.31	2658.24	2627.13	2637.13	244967	0	4
2024.11.28	2637.18	2649.70	2620.98	2638.83	158402	0	4
2024.11.29	2638.82	2666.32	2634.10	2655.31	221646	0	4
2024.12.01	2649.16	2650.37	2643.15	2645.76	5962	0	4
2024.12.02	2645.77	2651.74	2621.93	2642.27	281665	0	4
2024.12.03	2642.31	2655.65	2634.15	2642.82	204398	0	4
2024.12.04	2642.81	2657.21	2632.50	2650.41	198078	0	4
2024.12.05	2650.40	2655.56	2623.57	2633.84	185775	0	4
2024.12.06	2633.85	2645.66	2613.68	2633.13	203786	0	4
2024.12.08	2643.24	2648.34	2636.40	2640.15	5350	0	4
2024.12.09	2640.14	2676.43	2627.57	2660.57	209599	0	4
2024.12.10	2660.56	2698.40	2658.00	2696.05	197027	0	4
2024.12.11	2696.06	2721.14	2675.78	2720.13	230325	0	4
2024.12.12	2720.12	2726.20	2675.24	2680.75	234279	0	4
2024.12.13	2680.74	2692.82	2646.16	2648.75	233297	0	4
2024.12.15	2649.41	2653.09	2648.79	2651.56	3373	0	4
2024.12.16	2651.55	2664.42	2643.63	2651.79	175345	0	4
2024.12.17	2651.78	2658.70	2633.16	2647.49	189824	0	4
2024.12.18	2647.50	2651.76	2583.94	2587.99	199676	0	4
2024.12.19	2588.01	2626.46	2587.05	2593.59	235970	0	4
2024.12.20	2593.59	2631.94	2589.68	2622.67	204705	0	4
2024.12.22	2622.69	2624.85	2621.79	2624.30	2273	0	4
2024.12.23	2624.38	2633.29	2608.23	2615.48	136156	0	4
2024.12.24	2615.51	2621.53	2610.11	2618.75	86742	0	4
2024.12.25	2615.95	2620.19	2615.34	2618.63	1517	0	4
2024.12.26	2618.62	2639.18	2618.61	2632.51	97213	0	4
2024.12.27	2632.53	2638.36	2611.62	2621.69	117737	0	4
2024.12.29	2621.85	2626.25	2621.74	2624.29	2463	0	4
2024.12.30	2624.30	2628.21	2596.12	2606.76	130328	0	4
2024.12.31	2606.73	2627.57	2602.53	2624.22	112220	0	4
2025.01.01	2625.14	2625.85	2621.64	2623.77	1848	0	4
2025.01.02	2623.79	2660.56	2622.88	2658.34	160831	0	4
2025.01.03	2658.36	2665.42	2636.77	2639.67	164404	0	4
2025.01.05	2639.77	2642.47	2639.73	2641.08	2494	0	4
2025.01.06	2641.03	2649.32	2616.47	2634.67	185667	0	4
2025.01.07	2634.69	2664.33	2633.02	2649.81	195622	0	4
2025.01.08	2649.69	2670.12	2645.35	2662.64	184666	0	4
2025.01.09	2662.62	2678.35	2655.60	2670.06	144246	0	4
2025.01.10	2670.05	2697.93	2663.68	2689.37	225456	0	4
2025.01.12	2689.55	2691.31	2687.47	2691.19	3345	0	4
2025.01.13	2691.17	2693.44	2656.95	2668.02	236848	0	4
2025.01.14	2668.12	2678.24	2659.96	2675.64	211686	0	4
2025.01.15	2675.64	2697.53	2669.36	2694.93	205426	0	4
2025.01.16	2695.04	2724.80	2690.05	2714.65	214260	0	4
2025.01.17	2714.64	2717.35	2699.08	2702.69	190371	0	4
2025.01.19	2701.20	2703.20	2691.13	2696.72	4039	0	4
2025.01.20	2696.62	2713.80	2689.45	2710.37	168447	0	4
2025.01.21	2710.38	2746.03	2702.51	2744.40	164093	0	4
2025.01.22	2744.49	2763.47	2742.64	2755.45	155897	0	4
2025.01.23	2755.44	2758.92	2735.95	2754.57	174466	0	4
2025.01.24	2754.54	2785.98	2754.39	2771.23	199391	0	4
2025.01.26	2765.77	2768.98	2764.09	2767.64	2972	0	4
2025.01.27	2767.51	2772.70	2730.58	2741.73	229480	0	4
2025.01.28	2741.76	2765.01	2734.83	2762.64	187540	0	4
2025.01.29	2762.69	2766.31	2744.91	2760.33	206578	0	4
2025.01.30	2760.27	2798.59	2758.89	2796.44	224794	0	4
2025.01.31	2796.51	2817.23	2791.11	2797.98	236323	0	4
2025.02.02	2801.66	2804.29	2784.21	2794.08	5836	0	4
2025.02.03	2795.32	2831.08	2772.19	2813.67	264620	0	4
2025.02.04	2813.92	2845.38	2807.07	2841.45	251582	0	4
2025.02.05	2841.43	2882.31	2839.75	2869.44	226632	0	4
2025.02.06	2869.42	2873.31	2834.32	2858.18	226835	0	4
2025.02.07	2858.17	2886.83	2852.60	2860.96	215102	0	4
2025.02.09	2861.32	2870.39	2860.17	2867.75	3413	0	4
2025.02.10	2867.80	2921.51	2865.94	2917.93	211185	0	4
2025.02.11	2917.86	2942.86	2881.74	2898.66	252907	0	4
2025.02.12	2898.69	2909.09	2863.95	2905.84	207665	0	4
2025.02.13	2905.79	2932.30	2901.47	2931.19	188797	0	4
2025.02.14	2931.16	2940.00	2877.09	2882.66	224482	0	4
2025.02.16	2893.60	2893.79	2878.68	2879.36	7193	0	4
2025.02.17	2879.63	2906.47	2879.57	2899.32	137298	0	4
2025.02.18	2899.37	2936.94	2892.07	2934.04	149502	0	4
2025.02.19	2934.02	2946.97	2918.67	2935.45	209868	0	4
2025.02.20	2935.42	2954.89	2924.14	2941.61	195956	0	4
2025.02.21	2941.63	2949.80	2916.79	2936.23	206199	0	4
2025.02.23	2939.77	2940.67	2936.54	2936.92	4485	0	4
2025.02.24	2936.93	2956.25	2921.32	2950.08	233211	0	4
2025.02.25	2950.14	2952.53	2888.30	2918.59	274855	0	4
2025.02.26	2918.56	2930.11	2890.84	2919.31	201729	0	4
2025.02.27	2919.33	2919.33	2867.87	2875.91	285959	0	4
2025.02.28	2875.90	2885.20	2832.71	2857.72	250794	0	4
2025.03.02	2873.15	2876.96	2864.46	2870.99	8707	0	4
2025.03.03	2871.03	2895.20	2858.99	2890.90	243991	0	4
2025.03.04	2890.86	2927.86	2881.85	2914.33	258963	0	4
2025.03.05	2914.34	2929.95	2894.30	2918.28	262484	0	4
2025.03.06	2918.27	2926.71	2891.31	2910.41	256630	0	4
2025.03.07	2910.39	2930.28	2896.67	2911.15	257342	0	4
2025.03.09	2911.69	2917.03	2909.88	2916.32	7636	0	4
2025.03.10	2916.38	2918.43	2880.29	2884.84	257723	0	4
2025.03.11	2884.85	2922.21	2880.20	2915.53	210072	0	4
2025.03.12	2915.56	2940.55	2906.14	2938.20	221973	0	4
2025.03.13	2938.24	2990.00	2933.02	2986.40	238034	0	4
2025.03.14	2986.39	3005.01	2978.54	2986.26	230050	0	4
2025.03.16	2985.04	2994.31	2983.01	2989.96	6976	0	4
2025.03.17	2989.95	3002.85	2982.36	2999.86	174690	0	4
2025.03.18	2999.83	3038.29	2999.46	3031.79	229600	0	4
2025.03.19	3031.75	3051.94	3022.81	3050.08	191794	0	4
2025.03.20	3050.09	3057.44	3025.79	3046.56	196965	0	4
2025.03.21	3046.55	3047.58	2999.47	3023.30	193123	0	4
2025.03.23	3021.14	3026.45	3020.69	3024.80	5813	0	4
2025.03.24	3024.67	3033.33	3002.51	3009.92	212351	0	4
2025.03.25	3010.08	3036.04	3007.39	3021.03	161600	0	4
2025.03.26	3021.04	3032.06	3012.34	3021.74	175583	0	4
2025.03.27	3021.70	3059.64	3021.66	3055.77	241168	0	4
2025.03.28	3055.74	3086.87	3055.05	3084.69	233151	0	4
2025.03.30	3092.51	3097.60	3088.67	3090.04	3450	0	4
2025.03.31	3090.02	3128.11	3076.77	3122.89	160118	0	4
2025.04.01	3122.90	3149.01	3100.95	3111.39	160417	0	4
2025.04.02	3111.47	3147.57	3108.59	3145.93	227999	0	4
2025.04.03	3146.01	3167.86	3054.14	3115.37	386411	0	4
2025.04.04	3115.38	3136.76	3015.75	3036.65	358303	0	4
2025.04.06	3028.90	3028.90	3000.19	3009.71	6325	0	4
2025.04.07	3009.68	3055.67	2956.67	2986.69	439459	0	4
2025.04.08	2986.68	3022.67	2974.79	2981.85	316394	0	4
2025.04.09	2982.05	3099.66	2970.05	3080.19	420314	0	4
2025.04.10	3080.37	3190.07	3078.57	3189.11	269098	0	4
2025.04.11	3189.15	3245.43	3183.19	3237.38	275188	0	4
2025.04.13	3218.28	3224.55	3217.28	3223.94	7018	0	4
2025.04.14	3223.89	3245.72	3193.70	3212.66	300772	0	4
2025.04.15	3212.66	3251.92	3210.13	3251.90	254918	0	4
2025.04.16	3251.92	3352.71	3251.68	3350.08	308353	0	4
2025.04.17	3350.05	3356.28	3284.00	3327.31	332353	0	4
2025.04.20	3349.08	3351.87	3343.97	3348.16	8684	0	4
2025.04.21	3348.15	3444.47	3347.56	3434.62	374769	0	4
2025.04.22	3434.57	3500.14	3332.13	3336.75	479074	0	4
2025.04.23	3336.71	3386.67	3260.19	3316.45	440768	0	4
2025.04.24	3316.43	3367.48	3306.70	3348.89	373143	0	4
2025.04.25	3348.91	3363.17	3265.25	3319.04	325997	0	4
2025.04.27	3312.28	3318.12	3298.62	3302.74	10237	0	4
2025.04.28	3302.79	3353.00	3268.10	3337.76	347592	0	4
2025.04.29	3337.82	3340.13	3299.80	3317.08	276649	0	4
2025.04.30	3317.09	3328.05	3266.95	3272.99	314174	0	4
2025.05.01	3273.07	3276.35	3201.99	3237.39	306008	0	4
2025.05.02	3237.46	3269.33	3222.90	3241.29	347256	0	4
2025.05.04	3241.61	3252.43	3238.92	3248.09	7700	0	4
2025.05.05	3248.12	3337.65	3241.28	3334.16	292869	0	4
2025.05.06	3334.15	3434.98	3323.39	3400.81	360536	0	4
2025.05.07	3400.80	3401.59	3360.30	3376.44	342579	0	4
2025.05.08	3376.50	3414.83	3288.83	3316.50	370038	0	4
2025.05.09	3316.54	3347.47	3274.74	3326.64	304516	0	4
2025.05.11	3267.34	3289.03	3266.03	3287.73	11693	0	4
2025.05.12	3287.70	3290.17	3207.83	3236.92	352047	0	4
2025.05.13	3236.85	3265.57	3215.91	3254.50	229062	0	4
2025.05.14	3254.49	3254.73	3168.04	3186.15	254737	0	4
2025.05.15	3186.09	3248.20	3120.87	3237.18	257588	0	4
2025.05.16	3237.19	3244.65	3154.32	3202.39	226279	0	4
2025.05.18	3240.60	3245.20	3226.67	3234.94	7407	0	4
2025.05.19	3234.92	3249.83	3206.76	3222.55	212599	0	4
2025.05.20	3222.56	3295.75	3204.63	3290.68	225942	0	4
2025.05.21	3290.69	3324.88	3285.46	3320.15	242009	0	4
2025.05.22	3320.12	3345.46	3279.38	3300.14	259160	0	4
2025.05.23	3300.16	3365.94	3287.14	3356.33	235176	0	4
2025.05.25	3349.90	3350.73	3341.44	3342.68	3878	0	4
2025.05.26	3342.67	3356.79	3323.43	3346.22	126856	0	4
2025.05.27	3346.25	3350.03	3285.38	3309.47	217315	0	4
2025.05.28	3309.54	3325.49	3250.14	3259.87	199087	0	4
2025.05.29	3259.90	3331.06	3245.51	3315.60	223887	0	4
2025.05.30	3315.62	3322.71	3271.67	3289.64	207247	0	4
2025.06.01	3315.06	3315.24	3309.32	3310.23	4149	0	4
2025.06.02	3310.18	3392.15	3301.53	3387.47	217396	0	4
2025.06.03	3387.46	3388.73	3333.23	3360.00	205843	0	4
2025.06.04	3360.08	3384.68	3343.84	3378.16	204810	0	4
2025.06.05	3378.18	3403.51	3339.60	3361.92	249310	0	4
2025.06.06	3361.91	3375.65	3307.15	3311.60	228965	0	4
2025.06.08	3317.34	3318.57	3313.48	3318.08	3896	0	4
2025.06.09	3316.70	3338.16	3293.70	3326.83	191636	0	4
2025.06.10	3326.88	3349.14	3302.04	3327.97	212288	0	4
2025.06.11	3328.03	3373.00	3319.59	3365.50	226635	0	4
2025.06.12	3365.67	3398.96	3338.70	3395.86	250994	0	4
2025.06.13	3395.78	3446.81	3391.85	3433.70	270376	0	4
2025.06.15	3448.85	3449.35	3439.59	3444.24	5628	0	4
2025.06.16	3444.22	3451.30	3382.96	3402.89	204110	0	4
2025.06.17	3402.94	3403.33	3366.22	3387.37	207481	0	4
2025.06.18	3387.35	3400.02	3362.60	3375.16	203050	0	4
2025.06.19	3375.14	3387.98	3347.56	3368.80	158526	0	4
2025.06.20	3368.81	3374.59	3340.44	3368.65	174940	0	4
2025.06.22	3374.46	3378.43	3371.37	3372.80	5531	0	4
2025.06.23	3372.89	3393.56	3341.70	3344.38	226400	0	4
2025.06.24	3344.22	3357.93	3295.55	3324.22	222440	0	4
2025.06.25	3324.21	3340.09	3312.02	3339.12	170834	0	4
2025.06.26	3339.17	3350.39	3310.02	3318.80	190439	0	4
2025.06.27	3318.76	3322.07	3255.76	3274.55	216662	0	4
2025.06.29	3270.38	3270.85	3262.99	3264.01	4949	0	4
2025.06.30	3263.90	3312.56	3259.47	3312.54	171031	0	4
2025.07.01	3312.52	3357.97	3310.00	3338.17	190302	0	4
2025.07.02	3338.23	3362.37	3327.73	3349.42	181263	0	4
2025.07.03	3349.70	3363.72	3311.70	3330.89	174594	0	4
2025.07.04	3330.85	3345.12	3325.93	3335.21	97396	0	4
2025.07.06	3341.17	3341.75	3332.48	3333.50	4413	0	4
2025.07.07	3333.49	3345.85	3296.48	3339.84	206029	0	4
2025.07.08	3339.86	3340.12	3287.22	3301.68	205051	0	4
2025.07.09	3301.62	3321.16	3282.73	3319.61	185422	0	4
2025.07.10	3319.59	3330.49	3310.14	3323.33	158419	0	4
2025.07.11	3323.31	3368.82	3323.05	3357.27	216914	0	4
2025.07.13	3361.23	3371.19	3359.78	3369.41	6606	0	4
2025.07.14	3369.49	3375.01	3341.05	3345.69	214546	0	4
2025.07.15	3345.51	3366.37	3320.25	3326.65	181782	0	4
2025.07.16	3326.75	3377.48	3319.70	3349.64	200805	0	4
2025.07.17	3349.66	3350.25	3309.89	3343.34	178842	0	4
2025.07.18	3343.33	3361.33	3331.88	3350.38	149564	0	4
2025.07.20	3348.64	3350.06	3345.10	3347.88	2632	0	4
2025.07.21	3347.84	3401.49	3345.53	3399.43	187287	0	4
2025.07.22	3399.54	3433.57	3383.33	3427.98	195013	0	4
2025.07.23	3427.99	3439.00	3381.68	3386.89	214669	0	4
2025.07.24	3386.93	3393.34	3351.45	3368.79	182439	0	4
2025.07.25	3368.68	3373.54	3325.13	3336.19	170530	0	4
2025.07.27	3328.92	3335.41	3323.89	3329.72	5910	0	4
2025.07.28	3329.70	3345.43	3301.86	3314.83	175357	0	4
2025.07.29	3314.75	3334.21	3308.05	3327.80	173083	0	4
2025.07.30	3327.93	3334.06	3268.11	3279.01	189906	0	4
2025.07.31	3279.05	3314.88	3277.93	3295.01	198650	0	4
2025.08.01	3295.02	3363.64	3281.67	3363.50	214001	0	4
2025.08.03	3364.24	3364.43	3357.76	3359.22	4361	0	4
2025.08.04	3359.25	3385.44	3345.08	3374.81	168686	0	4
2025.08.05	3374.84	3390.46	3349.94	3379.72	160737	0	4
2025.08.06	3379.64	3385.39	3358.21	3372.03	153828	0	4
2025.08.07	3371.99	3408.81	3365.15	3404.37	179646	0	4
2025.08.08	3404.25	3407.15	3377.34	3397.04	227885	0	0
2025.08.10	3400.65	3401.75	3390.51	3395.29	3928	0	4
2025.08.11	3395.30	3396.93	3341.34	3347.20	277431	0	4
2025.08.12	3347.18	3359.35	3331.17	3350.60	243491	0	4
2025.08.13	3350.59	3370.79	3342.78	3357.59	173149	0	4
2025.08.14	3357.57	3374.79	3329.89	3333.43	227635	0	4
2025.08.15	3333.46	3348.75	3332.31	3335.99	173406	0	4
2025.08.17	3334.59	3335.35	3333.04	3334.41	2830	0	4
2025.08.18	3334.43	3358.52	3323.60	3334.44	158629	0	4
2025.08.19	3334.45	3345.33	3315.01	3316.93	147664	0	4
2025.08.20	3316.91	3352.14	3311.61	3349.70	148472	0	4
2025.08.21	3349.69	3349.69	3325.07	3338.97	150677	0	4
2025.08.22	3338.99	3378.85	3321.49	3371.88	175025	0	4
2025.08.24	3368.78	3370.19	3365.97	3367.32	2553	0	4
2025.08.25	3367.33	3376.32	3359.88	3364.25	133052	0	4
2025.08.26	3364.26	3393.63	3351.31	3391.18	230662	0	4
2025.08.27	3391.24	3398.92	3373.83	3395.84	201419	0	4
2025.08.28	3395.82	3423.27	3384.63	3416.86	250666	0	4
2025.08.29	3416.83	3454.09	3404.35	3448.20	266634	0	4
2025.08.31	3446.05	3452.64	3442.46	3450.41	5006	0	4
2025.09.01	3450.40	3489.88	3437.03	3475.32	295804	0	3
2025.09.02	3475.38	3540.09	3470.17	3529.43	462075	0	3
2025.09.03	3529.49	3578.53	3526.39	3561.85	437743	0	3
2025.09.04	3561.79	3563.49	3511.27	3541.01	400885	0	3
2025.09.05	3541.04	3600.22	3540.96	3587.40	430113	0	3
2025.09.07	3592.47	3597.01	3587.09	3592.21	19629	0	3
2025.09.08	3592.28	3646.47	3579.68	3629.51	396428	0	3
2025.09.09	3629.50	3674.64	3623.03	3635.55	414617	0	3
2025.09.10	3635.54	3657.62	3620.42	3639.85	322253	0	3
2025.09.11	3639.97	3649.15	3614.28	3634.99	218710	0	3
2025.09.12	3634.98	3656.70	3630.56	3643.43	199463	0	3
2025.09.14	3644.71	3646.10	3639.71	3642.16	2988	0	3
2025.09.15	3642.19	3685.69	3626.64	3678.93	218338	0	3
2025.09.16	3678.95	3703.09	3674.82	3691.96	264651	0	3
2025.09.17	3691.98	3707.61	3646.20	3663.06	356095	0	3
2025.09.18	3663.03	3673.05	3627.96	3640.35	339745	0	3
2025.09.19	3640.33	3685.35	3632.33	3684.87	305643	0	3
2025.09.21	3687.89	3692.21	3683.89	3688.50	5921	0	3
2025.09.22	3688.49	3748.95	3685.69	3740.07	321338	0	3
2025.09.23	3740.11	3791.14	3736.79	3765.48	411216	0	3
2025.09.24	3765.42	3779.35	3717.49	3741.12	341132	0	3
2025.09.25	3741.13	3761.53	3722.08	3748.83	369637	0	3
2025.09.26	3748.88	3783.77	3734.51	3761.57	279111	0	3
2025.09.28	3764.99	3771.01	3763.50	3770.53	4866	0	3
2025.09.29	3770.48	3834.12	3764.01	3830.76	298082	0	3
2025.09.30	3830.59	3871.75	3793.24	3860.04	406943	0	3
2025.10.01	3860.05	3895.32	3853.47	3862.15	368173	0	3
2025.10.02	3862.18	3896.90	3819.53	3857.16	358618	0	3
2025.10.03	3857.17	3891.76	3838.04	3886.75	333509	0	3
2025.10.05	3888.60	3903.55	3884.23	3900.88	9379	0	4
2025.10.06	3900.91	3976.27	3898.37	3963.44	478572	0	2
2025.10.07	3963.39	3991.02	3940.97	3989.54	486679	0	2
2025.10.08	3989.52	4059.29	3984.56	4021.33	479319	0	2
2025.10.09	4021.35	4057.98	3944.79	3975.36	592106	0	2
2025.10.10	3975.37	4022.93	3947.01	4019.08	569660	0	2
2025.10.12	4013.05	4045.38	4008.22	4042.43	12772	0	2
2025.10.13	4042.39	4116.98	4024.61	4115.06	415396	0	2
2025.10.14	4114.95	4179.82	4090.64	4158.48	584058	0	2
2025.10.15	4158.49	4218.26	4154.01	4213.40	409892	0	2
2025.10.16	4213.37	4379.60	4203.66	4346.65	470879	0	3
2025.10.17	4346.78	4379.26	4186.95	4247.67	664976	0	2
2025.10.19	4258.83	4268.54	4245.36	4256.13	10482	0	3
2025.10.20	4256.03	4381.77	4219.07	4367.40	494337	0	3
2025.10.21	4367.47	4372.35	4081.59	4123.15	577696	0	2
2025.10.22	4123.23	4161.38	4004.39	4102.18	504279	0	2
2025.10.23	4102.20	4154.81	4066.32	4116.00	326898	0	2
2025.10.24	4116.15	4144.43	4044.68	4113.08	306967	0	2
2025.10.26	4083.85	4109.34	4061.91	4064.57	24018	0	2
2025.10.27	4064.61	4097.76	3971.38	3998.64	340928	0	2
2025.10.28	3998.53	4019.72	3886.68	3964.99	334349	0	2
2025.10.29	3964.98	4030.13	3917.52	3952.91	347006	0	2
2025.10.30	3952.92	4046.28	3915.58	4036.66	376683	0	2
2025.10.31	4036.68	4039.34	3972.37	4003.90	342146	0	2
2025.11.02	3995.44	3999.16	3977.96	3980.56	9045	0	2
2025.11.03	3980.37	4030.46	3962.58	3997.29	314592	0	2
2025.11.04	3997.68	4000.69	3928.72	3934.68	297125	0	2
2025.11.05	3934.73	3990.54	3929.80	3973.81	242425	0	2
2025.11.06	3973.77	4019.64	3964.59	3989.22	265640	0	2
2025.11.07	3989.25	4027.49	3984.14	4001.48	233863	0	2
2025.11.09	4006.44	4012.21	4004.23	4011.91	5547	0	2
2025.11.10	4011.89	4122.81	4011.23	4120.06	259537	0	0
2025.11.11	4120.08	4149.06	4097.18	4142.69	250276	0	2
2025.11.12	4142.62	4211.75	4098.95	4191.19	322272	0	2
2025.11.13	4191.12	4245.19	4145.51	4186.04	355919	0	2
2025.11.14	4186.11	4211.32	4032.24	4085.04	355826	0	2
2025.11.16	4077.87	4106.84	4077.19	4096.44	9855	0	2
2025.11.17	4096.55	4102.03	4006.92	4036.78	326018	0	2
2025.11.18	4036.88	4082.33	3998.01	4076.86	336602	0	2
2025.11.19	4076.84	4132.94	4055.61	4104.61	340509	0	2
2025.11.20	4104.62	4110.21	4038.86	4079.01	372745	0	2
2025.11.21	4079.27	4101.14	4022.46	4065.96	368134	0	2
2025.11.23	4067.53	4077.74	4065.82	4075.19	8056	0	2
2025.11.24	4075.16	4144.24	4040.20	4143.80	265116	0	2
2025.11.25	4143.76	4159.38	4109.66	4133.80	308097	0	2
2025.11.26	4133.81	4173.44	4132.77	4164.70	276808	0	2
2025.11.27	4164.90	4167.19	4142.74	4163.43	183766	0	2
2025.11.28	4163.28	4226.91	4149.26	4220.54	154350	0	2
2025.11.30	4230.26	4230.87	4205.68	4222.40	12819	0	2
2025.12.01	4221.96	4264.63	4215.60	4227.59	371187	0	2
2025.12.02	4227.64	4230.66	4163.93	4212.92	308329	0	2
2025.12.03	4213.03	4241.60	4194.63	4207.30	315957	0	2
2025.12.04	4207.31	4219.53	4175.03	4206.17	316991	0	2
2025.12.05	4206.24	4259.38	4192.08	4198.70	287879	0	2
2025.12.07	4209.23	4209.64	4195.79	4201.31	5743	0	2
2025.12.08	4201.71	4219.05	4176.22	4194.95	281192	0	2
2025.12.09	4194.87	4221.46	4170.15	4210.89	324638	0	2
2025.12.10	4210.86	4238.71	4181.85	4232.54	307309	0	2
2025.12.11	4232.36	4285.93	4204.39	4276.49	321379	0	2
2025.12.12	4276.45	4353.59	4257.64	4301.01	350529	0	2
2025.12.14	4298.86	4308.44	4297.16	4302.43	7006	0	2
2025.12.15	4302.44	4350.28	4285.35	4304.27	310176	0	2
2025.12.16	4304.41	4335.08	4271.75	4307.94	312486	0	2
2025.12.17	4307.85	4349.15	4306.70	4339.28	317862	0	2
2025.12.18	4339.23	4374.62	4308.72	4335.19	322360	0	2
2025.12.19	4335.18	4356.63	4309.37	4339.36	258832	0	2
2025.12.21	4338.46	4356.31	4337.60	4355.28	6580	0	2
2025.12.22	4355.30	4461.70	4355.20	4460.20	256357	0	2
2025.12.23	4460.14	4510.37	4430.62	4503.44	317503	0	2
2025.12.24	4503.35	4525.99	4448.53	4480.53	288446	0	2
2025.12.25	4469.73	4499.95	4458.88	4495.21	11092	0	2
2025.12.26	4495.25	4550.01	4492.36	4531.70	337431	0	2
2025.12.28	4543.18	4549.21	4521.93	4527.27	16074	0	2
2025.12.29	4527.30	4528.12	4303.23	4345.82	394841	0	2
2025.12.30	4345.81	4404.35	4324.66	4339.08	381761	0	2
2025.12.31	4339.07	4373.31	4274.62	4318.27	343480	0	2
2026.01.01	4332.84	4351.42	4328.38	4348.43	5790	0	2
2026.01.02	4348.62	4402.46	4310.08	4331.46	316991	0	2
2026.01.04	4352.57	4375.91	4344.16	4372.68	13057	0	2
2026.01.05	4372.66	4459.81	4370.39	4440.66	354856	0	2
2026.01.06	4440.62	4500.57	4428.03	4493.55	334124	0	2
2026.01.07	4493.51	4495.86	4423.62	4463.55	340220	0	2
2026.01.08	4463.51	4484.20	4407.83	4475.72	360706	0	2
2026.01.09	4475.68	4517.20	4453.03	4508.76	299621	0	2
2026.01.11	4515.29	4545.09	4513.05	4540.23	12272	0	2
2026.01.12	4540.19	4630.23	4536.54	4599.41	335165	0	2
2026.01.13	4599.52	4634.60	4569.32	4597.12	321339	0	2
2026.01.14	4597.10	4642.92	4597.10	4615.34	350710	0	2
2026.01.15	4615.29	4624.64	4581.13	4610.34	351057	0	2
2026.01.16	4610.32	4620.35	4536.81	4596.24	320674	0	2
2026.01.18	4638.53	4690.68	4636.84	4672.51	12636	0	2
2026.01.19	4672.40	4682.06	4653.31	4665.43	193374	0	2
2026.01.20	4665.45	4781.25	4659.55	4775.93	314679	0	2
2026.01.21	4775.91	4888.40	4756.13	4778.51	381938	0	2
2026.01.22	4778.35	4960.60	4772.56	4959.10	342681	0	3
2026.01.23	4959.11	4989.86	4899.96	4988.00	324821	0	3
2026.01.25	5023.35	5040.12	5012.10	5039.90	16043	0	3
2026.01.26	5039.81	5111.10	4990.15	5043.61	463389	0	2
2026.01.27	5043.59	5190.53	5013.76	5172.42	433502	0	2
2026.01.28	5172.41	5598.69	5157.38	5513.27	481059	0	3
2026.01.29	5512.94	5595.45	5104.95	5438.56	531446	0	3
2026.01.30	5438.48	5450.94	4680.24	4891.18	559585	0	2
2026.02.01	4828.28	4834.79	4695.05	4740.72	26647	0	2
2026.02.02	4741.06	4885.24	4402.98	4774.20	556530	0	2
2026.02.03	4774.37	4993.88	4745.52	4947.42	486171	0	2
2026.02.04	4947.40	5091.89	4849.39	5012.31	418359	0	2
2026.02.05	5012.34	5020.52	4703.47	4704.04	500233	0	3
2026.02.06	4704.05	4971.38	4655.50	4966.66	361740	0	2
2026.02.08	4986.66	5047.23	4964.44	5036.01	17780	0	3
2026.02.09	5036.00	5086.56	4969.13	5031.85	366863	0	3
2026.02.10	5031.81	5078.68	4999.00	5041.89	336136	0	3
2026.02.11	5042.01	5119.45	5019.10	5061.29	331485	0	4
2026.02.12	5061.24	5083.78	4878.54	4920.11	334465	0	5
2026.02.13	4920.34	5046.16	4913.94	5041.35	322991	0	5
2026.02.15	5014.62	5031.80	5008.61	5020.21	14218	0	4
2026.02.16	5020.24	5031.21	4965.70	4989.83	158142	0	4
2026.02.17	4989.86	4991.50	4839.93	4859.37	321897	0	2
2026.02.18	4859.36	5010.96	4858.49	4976.07	220681	0	2
2026.02.19	4975.93	5022.36	4960.81	4987.69	207626	0	2
2026.02.20	4987.73	5107.82	4981.82	5104.90	240805	0	2
2026.02.22	5117.13	5171.92	5117.12	5165.47	14821	0	2
2026.02.23	5165.07	5250.71	5122.28	5235.72	277757	0	3
2026.02.24	5235.79	5238.19	5094.21	5146.77	291040	0	3
2026.02.25	5146.75	5217.74	5136.94	5163.27	264956	0	4
2026.02.26	5163.30	5205.60	5130.62	5184.74	265951	0	4
2026.02.27	5184.72	5281.37	5166.98	5278.28	261776	0	4
2026.03.01	5362.19	5393.58	5328.72	5386.91	24301	0	4
2026.03.02	5387.10	5419.21	5260.96	5346.04	397769	0	5
2026.03.03	5346.07	5379.91	4996.21	5125.41	489531	0	5
2026.03.04	5125.40	5206.18	5105.79	5165.34	425065	0	5
2026.03.05	5165.28	5194.98	5051.21	5086.27	400535	0	5
2026.03.06	5086.16	5175.43	5062.92	5173.32	362162	0	5
2026.03.08	5164.94	5171.22	5044.73	5076.06	46013	0	5
2026.03.09	5076.13	5156.10	5014.80	5139.77	392553	0	5
2026.03.10	5139.74	5238.63	5124.74	5197.39	324339	0	5
2026.03.11	5197.40	5223.12	5129.97	5134.38	295968	0	5
2026.03.12	5134.40	5191.77	5055.17	5098.21	299241	0	5
2026.03.13	5098.19	5128.68	5009.79	5019.83	297027	0	4
2026.03.15	5014.99	5030.24	4967.73	4997.70	39891	0	4
2026.03.16	4997.68	5037.89	4970.18	5012.96	331650	0	4
2026.03.17	5012.98	5044.62	4973.85	5002.97	281043	0	4
2026.03.18	5003.06	5016.36	4804.31	4837.00	338611	0	4
2026.03.19	4837.01	4867.15	4502.53	4643.71	479365	0	3
2026.03.20	4643.68	4735.93	4477.44	4497.52	443973	0	4
2026.03.22	4475.14	4535.72	4452.64	4464.75	39909	0	4
2026.03.23	4464.77	4512.71	4098.90	4441.30	610363	0	4
2026.03.24	4441.27	4551.52	4306.02	4546.99	572253	0	4
2026.03.25	4547.00	4602.48	4487.24	4498.37	450803	0	4
2026.03.26	4498.34	4544.31	4351.25	4405.07	489927	0	4
2026.03.27	4405.16	4555.24	4375.59	4494.64	350418	0	4
2026.03.29	4511.39	4513.11	4479.68	4484.58	18031	0	4
2026.03.30	4484.63	4580.77	4419.53	4511.01	405137	0	4
2026.03.31	4510.81	4696.54	4482.86	4680.85	430781	0	3
2026.04.01	4680.90	4793.02	4667.14	4776.57	369008	0	3
2026.04.02	4776.65	4800.38	4554.04	4674.93	412206	0	6
2026.04.05	4636.75	4654.13	4608.91	4645.67	15130	0	6
2026.04.06	4645.68	4706.74	4600.91	4658.47	289686	0	4
2026.04.07	4658.62	4819.74	4607.58	4818.41	397064	0	3
2026.04.08	4818.27	4857.59	4699.82	4717.77	404434	0	4
2026.04.09	4717.72	4801.29	4698.83	4764.26	334389	0	4
2026.04.10	4764.29	4795.22	4730.86	4748.48	292991	0	4
2026.04.12	4669.76	4684.28	4643.01	4659.11	15398	0	4
2026.04.13	4659.14	4759.67	4644.56	4758.12	305834	0	4
2026.04.14	4758.01	4850.59	4751.21	4835.11	334340	0	4
2026.04.15	4835.14	4871.25	4787.04	4807.67	357563	0	4
2026.04.16	4807.64	4838.39	4773.15	4795.34	315580	0	5
2026.04.17	4795.30	4889.74	4767.77	4832.31	311326	0	5
2026.04.19	4773.28	4794.89	4769.91	4779.43	13849	0	4
2026.04.20	4779.44	4833.23	4737.02	4827.76	340598	0	3
2026.04.21	4827.64	4831.98	4668.60	4719.57	366929	0	3
2026.04.22	4719.46	4772.43	4718.16	4726.03	246776	0	3
2026.04.23	4726.08	4753.71	4664.36	4693.38	391229	0	3
2026.04.24	4693.36	4740.37	4657.90	4707.65	346542	0	3
2026.04.26	4696.80	4696.80	4679.82	4684.65	9618	0	4
2026.04.27	4684.64	4730.05	4667.27	4688.03	294947	0	4
2026.04.28	4688.01	4701.35	4555.02	4594.20	348081	0	3
2026.04.29	4594.26	4610.38	4510.19	4552.15	365643	0	3
2026.04.30	4552.14	4646.94	4540.93	4630.47	371362	0	3
2026.05.01	4630.41	4660.26	4560.33	4613.22	271451	0	3
2026.05.03	4625.24	4629.48	4612.23	4618.97	6952	0	3
2026.05.04	4619.00	4620.95	4500.85	4517.59	339805	0	3
2026.05.05	4517.46	4586.59	4513.62	4573.08	264861	0	4
2026.05.06	4573.48	4723.06	4569.69	4695.04	331672	0	4
2026.05.07	4695.01	4764.80	4682.04	4686.03	370226	0	4
2026.05.08	4686.06	4749.49	4684.73	4714.65	306710	0	3
2026.05.10	4686.49	4695.89	4679.47	4691.95	8864	0	3
2026.05.11	4691.89	4755.26	4648.03	4750.98	307208	0	3
2026.05.12	4750.99	4773.55	4638.41	4717.04	333803	0	4
2026.05.13	4717.00	4726.84	4669.62	4700.11	310760	0	4
2026.05.14	4700.02	4718.79	4644.44	4662.41	313763	0	4
2026.05.15	4662.43	4665.43	4511.93	4539.14	410375	0	4
2026.05.17	4544.72	4554.55	4537.45	4546.12	8684	0	4
2026.05.18	4546.14	4584.24	4480.46	4573.99	401823	0	3
2026.05.19	4573.87	4589.34	4465.04	4484.58	346910	0	3
2026.05.20	4484.44	4553.04	4453.52	4539.97	369624	0	3
2026.05.21	4540.06	4570.98	4488.65	4543.49	370024	0	4
2026.05.22	4543.40	4545.13	4492.02	4507.28	310765	0	4
2026.05.24	4550.90	4565.75	4548.46	4565.32	11275	0	4
2026.05.25	4565.28	4579.92	4550.62	4574.95	203562	0	4
2026.05.26	4574.74	4580.20	4482.69	4510.99	303578	0	4
2026.05.27	4511.12	4527.73	4401.55	4457.36	292807	0	4
2026.05.28	4457.37	4516.61	4366.42	4491.21	308963	0	4
2026.05.29	4491.19	4595.33	4489.19	4539.95	287463	0	4
2026.05.31	4520.44	4540.43	4519.53	4535.36	6896	0	4
2026.06.01	4535.38	4546.05	4447.88	4485.98	257637	0	4
2026.06.02	4485.70	4541.61	4463.03	4484.93	243475	0	4
2026.06.03	4485.06	4496.75	4424.01	4448.99	282826	0	4
2026.06.04	4449.20	4515.48	4443.37	4469.64	292488	0	4
2026.06.05	4469.66	4475.88	4311.88	4328.23	360988	0	4
2026.06.07	4320.37	4330.26	4309.77	4317.50	14536	0	4
2026.06.08	4317.53	4353.31	4268.63	4327.91	370775	0	4
2026.06.09	4327.92	4363.59	4232.59	4237.37	351427	0	3
2026.06.10	4237.21	4247.46	4036.22	4046.57	438860	0	3
2026.06.11	4046.75	4246.49	4023.90	4243.34	429191	0	3
2026.06.12	4243.38	4245.94	4170.26	4218.08	359486	0	4
2026.06.14	4300.37	4308.87	4280.27	4285.73	12107	0	4
2026.06.15	4285.63	4369.28	4281.26	4312.10	284497	0	4
2026.06.16	4312.11	4355.00	4306.91	4335.62	282816	0	4
2026.06.17	4335.53	4382.33	4219.18	4266.83	291326	0	4
2026.06.18	4266.76	4329.94	4201.55	4207.48	329023	0	4
2026.06.19	4207.51	4208.38	4121.84	4156.18	207406	0	5
2026.06.21	4156.36	4159.54	4147.37	4156.41	8547	0	4
2026.06.22	4156.30	4220.95	4136.60	4190.02	304563	0	4
2026.06.23	4189.97	4198.56	4091.00	4104.36	326724	0	4
2026.06.24	4104.30	4112.13	3959.14	3996.45	401668	0	4
2026.06.25	3996.50	4044.23	3963.62	4026.41	353869	0	4
2026.06.26	4026.34	4096.12	3983.09	4087.63	314109	0	4
2026.06.28	4075.62	4083.48	4052.74	4066.46	10312	0	4
2026.06.29	4066.43	4075.75	4000.20	4014.25	287389	0	4
2026.06.30	4014.52	4063.45	3942.74	4013.21	300857	0	4
2026.07.01	4013.19	4115.60	3960.21	4045.13	301577	0	4
2026.07.02	4045.06	4144.06	4030.85	4124.79	324479	0	4
2026.07.03	4124.81	4195.47	4121.19	4183.76	138274	0	4
